time,year,month,pop,dpopdt,PF,PV,mvd,season1,season2,season3,season4,season5,season6,Max_Temp,Min_Temp,Rainfall,RH_synoptic,ERA5,GSOD,REF,ERA5_RF,GSOD_RF,hadISD
1997,1997,1,3760447,0,70,112,0,0.6667,0.1667,0,0,0,0.1667,27.2,11.9,11.5,50.25,51.765,38.984,42.012,44.993,44.602,54.88
1997.0833333333333,1997,2,3767146,6699,73,145,0,0.4792,0.4792,0.0208,0,0,0.0208,30.8,13.3,0,44.25,44.48,30.98,36.18,41.358,38.04,49.33
1997.1666666666667,1997,3,3773846,6700,40,180,0,0.1667,0.6667,0.1667,0,0,0,35.7,20.3,0,36,38.334,30.17,34.128,37.913,35.226,41.08
1997.25,1997,4,3780545,6699,61,278,3,0.0208,0.4792,0.4792,0.0208,0,0,37.1,23,9.2,43.25,43.028,38.868,48.276,48.192,46.111,45.82
1997.3333333333333,1997,5,3787245,6700,52,347,7.2,0,0.1667,0.6667,0.1667,0,0,40.6,26,18.4,47.5,46.408,44.499,60.48,55.386,55.453,48.69
1997.4166666666667,1997,6,3793944,6699,134,588,4.12,0,0.0208,0.4792,0.4792,0.0208,0,34.6,26.1,726.1,73.5,74.043,69.508,74.088,73.911,70.829,74.67
1997.5,1997,7,3800644,6700,236,1313,4.45,0,0,0.1667,0.6667,0.1667,0,33.7,26.7,146.7,79.75,80.507,75.134,78.732,77.09,74.376,81.19
1997.5833333333333,1997,8,3807343,6699,257,959,4.32,0,0,0.0208,0.4792,0.4792,0.0208,32.2,25.4,304.5,82.75,84.104,78.912,79.596,77.636,77.549,84.56
1997.6666666666667,1997,9,3814042,6699,429,717,0.7,0,0,0,0.1667,0.6667,0.1667,32.8,25.3,85.4,78.5,78.97,80.079,75.276,74.844,74.673,80.17
1997.75,1997,10,3820742,6700,668,653,1.4,0.0208,0,0,0.0208,0.4792,0.4792,33.9,21.6,0.8,63.75,64.614,54.085,55.62,58.08,56.494,67.01
1997.8333333333333,1997,11,3827441,6699,891,749,0.42,0.1667,0,0,0,0.1667,0.6667,32.3,19,3.4,63.5,62.694,49.262,54.864,56.039,55.819,65.38
1997.9166666666667,1997,12,3834141,6700,467,200,2.9,0.4792,0.0208,0,0,0.0208,0.4792,26.8,14.5,0,60.25,60.236,55.296,58.536,60.35,59.038,62.13
1998,1998,1,3840840,6699,151,150,0.27,0.6667,0.1667,0,0,0,0.1667,27.6,12.9,0,52.25,51.439,39.17,45.36,48.978,47.433,54.23
1998.0833333333333,1998,2,3847683,6843,101,215,0.32,0.4792,0.4792,0.0208,0,0,0.0208,30.3,13.9,1.2,48.75,45.984,35.283,37.908,39.878,38.948,49.67
1998.1666666666667,1998,3,3854525,6842,43,179,0.45,0.1667,0.6667,0.1667,0,0,0,35.1,18.7,0,37.75,35.588,33.701,39.744,39.114,40.407,38.26
1998.25,1998,4,3861368,6843,32,253,0,0.0208,0.4792,0.4792,0.0208,0,0,40.2,24.7,0,39.25,34.939,39.091,52.272,52.822,51.269,37.4
1998.3333333333333,1998,5,3868211,6843,87,453,0.82,0,0.1667,0.6667,0.1667,0,0,43,28,0,41.25,36.709,40.91,56.592,52.132,54.79,40.14
1998.4166666666667,1998,6,3875053,6842,72,387,2.12,0,0.0208,0.4792,0.4792,0.0208,0,40.2,28,107.6,61.75,56.506,59.724,65.664,62.423,64.874,58.25
1998.5,1998,7,3881896,6843,117,933,3.4,0,0,0.1667,0.6667,0.1667,0,33.2,26.3,448.2,80.25,79.562,73.959,75.276,74.18,73.973,79.68
1998.5833333333333,1998,8,3888739,6843,348,1208,1.62,0,0,0.0208,0.4792,0.4792,0.0208,33.1,26,202.9,80.75,80.257,77.18,77.112,76.224,73.868,81.33
1998.6666666666667,1998,9,3895581,6842,783,1188,1.04,0,0,0,0.1667,0.6667,0.1667,32.9,25.4,195.2,81.5,80.303,74.175,73.116,74.785,73.204,80.47
1998.75,1998,10,3902424,6843,426,429,0.89,0.0208,0,0,0.0208,0.4792,0.4792,33.7,22.8,33.5,71,67.687,62.766,65.448,63.458,66.848,69.44
1998.8333333333333,1998,11,3909267,6843,270,363,0.52,0.1667,0,0,0,0.1667,0.6667,32.2,15.6,0.2,65.5,61.477,41.31,51.084,53.658,51.641,64.86
1998.9166666666667,1998,12,3916109,6842,209,185,1.05,0.4792,0.0208,0,0,0.0208,0.4792,30.2,11,0,57.75,56.039,37.655,42.876,49.048,41.465,60.54
1999,1999,1,3922952,6843,94,143,0.12,0.6667,0.1667,0,0,0,0.1667,27.8,10.5,0,56,54.721,42.107,42.7,47.833,46.827,58.77
1999.0833333333333,1999,2,3929941,6989,71,130,0.12,0.4792,0.4792,0.0208,0,0,0.0208,31.5,16,2.6,52,50.913,44.88,43.7,45.425,48.426,53.65
1999.1666666666667,1999,3,3936930,6989,34,205,0.27,0.1667,0.6667,0.1667,0,0,0,36.3,18.3,0,34.75,32.553,30.884,36.3,38.698,37.124,36.16
1999.25,1999,4,3943919,6989,50,270,0.52,0.0208,0.4792,0.4792,0.0208,0,0,40.8,23.4,0,37,35.265,31.941,49.5,47.453,45.778,39.38
1999.3333333333333,1999,5,3950908,6989,44,374,1.29,0,0.1667,0.6667,0.1667,0,0,40.1,27,4.8,55,50.672,53.617,60.2,54.802,58.877,53.79
1999.4166666666667,1999,6,3957897,6989,31,509,0.79,0,0.0208,0.4792,0.4792,0.0208,0,37.5,27.3,178.4,64,64.34,63.085,62.2,60.448,63.581,64.76
1999.5,1999,7,3964886,6989,25,604,2.56,0,0,0.1667,0.6667,0.1667,0,33.3,26.2,303.2,75.25,72.914,72.34,70.8,71.629,71.955,74.31
1999.5833333333333,1999,8,3971874,6988,137,1206,0.14,0,0,0.0208,0.4792,0.4792,0.0208,32.1,25.2,35.7,76.5,75.234,67.995,68.9,69.362,67.851,76.01
1999.6666666666667,1999,9,3978863,6989,253,758,0.29,0,0,0,0.1667,0.6667,0.1667,34.7,25.5,12.7,68,69.494,59.528,65,66.711,64.772,70
1999.75,1999,10,3985852,6989,277,432,0.43,0.0208,0,0,0.0208,0.4792,0.4792,34.2,21.1,60.6,69,67.332,56.696,58.1,60.959,58.655,69.4
1999.8333333333333,1999,11,3992841,6989,284,247,0.2,0.1667,0,0,0,0.1667,0.6667,33.8,15.3,0,53.5,45.999,30.612,39.7,40.613,36.415,50.57
1999.9166666666667,1999,12,3999830,6989,205,167,0.56,0.4792,0.0208,0,0,0.0208,0.4792,29.7,11.6,0,51.5,45.586,32.175,37.4,42.445,38.786,50.09
2000,2000,1,4006819,6989,83,102,0.06,0.6667,0.1667,0,0,0,0.1667,29.5,11.7,0,51.5,47.514,37.596,28.8,36.338,34.658,51.35
2000.0833333333333,2000,2,4061545,54726,40,111,0.08,0.4792,0.4792,0.0208,0,0,0.0208,30,12,0,39.25,32.797,34.195,26,30.469,29.631,37.45
2000.1666666666667,2000,3,4116271,54726,24,154,0.02,0.1667,0.6667,0.1667,0,0,0,36,17.3,0,31.5,26.556,28.694,23.8,28.195,26.66,30.19
2000.25,2000,4,4170998,54727,18,169,0.27,0.0208,0.4792,0.4792,0.0208,0,0,41.9,23.7,0,38,32.607,37.589,41.4,40.2,39.698,37.07
2000.3333333333333,2000,5,4225724,54726,26,283,0.56,0,0.1667,0.6667,0.1667,0,0,40,26.9,72.5,54,51.745,56.399,55.4,52.356,56.953,53.6
2000.4166666666667,2000,6,4280450,54726,24,380,0.47,0,0.0208,0.4792,0.4792,0.0208,0,39.8,27.6,74.2,52.75,56.56,54.453,55.8,58.28,56.7,57.23
2000.5,2000,7,4335176,54726,33,396,0.64,0,0,0.1667,0.6667,0.1667,0,33.3,25.5,476.6,75.5,76.951,77.357,67.7,70.871,70.124,76.77
2000.5833333333333,2000,8,4389902,54726,132,707,0.97,0,0,0.0208,0.4792,0.4792,0.0208,33.8,25,113.7,72.5,73.614,75.112,64.8,67.662,69.221,73.76
2000.6666666666667,2000,9,4444628,54726,171,613,0.56,0,0,0,0.1667,0.6667,0.1667,34.9,24.7,4.4,63.25,62.49,61.581,56,57.781,57.147,63.84
2000.75,2000,10,4499354,54726,132,235,0.5,0.0208,0,0,0.0208,0.4792,0.4792,37.9,21.5,0,48,43.314,34.873,48.5,47.043,46.407,47.21
2000.8333333333333,2000,11,4554081,54727,115,240,0.16,0.1667,0,0,0,0.1667,0.6667,34.3,16.5,0,43.5,40.173,29.807,34.5,40.075,35.745,43.44
2000.9166666666667,2000,12,4608807,54726,70,133,0.36,0.4792,0.0208,0,0,0.0208,0.4792,30.9,11.8,1.2,43,33.456,29.418,28.3,33.956,30.161,38.48
2001,2001,1,4663533,54726,77,74,0.04,0.6667,0.1667,0,0,0,0.1667,28.1,11.1,0,37.25,39.259,30.476,40,42.887,36.916,42.34
2001.0833333333333,2001,2,4671841,8308,36,55,0.66,0.4792,0.4792,0.0208,0,0,0.0208,31.8,12.4,0,37.25,36.841,27.403,35.8,42.817,35.69,40.58
2001.1666666666667,2001,3,4680150,8309,16,99,1.04,0.1667,0.6667,0.1667,0,0,0,35.5,19.8,0,35.25,35.234,31.46,43.8,45.081,44.889,36.75
2001.25,2001,4,4688458,8308,19,156,1,0.0208,0.4792,0.4792,0.0208,0,0,39.7,23.4,10.3,32.75,33.587,29.794,38.9,37.33,37.681,35.14
2001.3333333333333,2001,5,4696766,8308,17,212,0.54,0,0.1667,0.6667,0.1667,0,0,40.9,27.3,40.4,51.75,50.321,52.984,57,56.342,57.854,52.13
2001.4166666666667,2001,6,4705075,8309,12,354,10.62,0,0.0208,0.4792,0.4792,0.0208,0,35.4,26.4,238.9,70.75,64.905,69.336,65.4,63.362,67.789,66.81
2001.5,2001,7,4713383,8308,35,638,3.45,0,0,0.1667,0.6667,0.1667,0,31.3,25.4,231.7,85.75,83.092,82.989,70.4,71.956,71.62,83.84
2001.5833333333333,2001,8,4721691,8308,132,855,2.33,0,0,0.0208,0.4792,0.4792,0.0208,32.2,25.1,183,80.25,75.36,79.322,67.7,68.305,71.508,77.02
2001.6666666666667,2001,9,4730000,8309,228,667,0.83,0,0,0,0.1667,0.6667,0.1667,35.9,25.2,0,63.25,56.44,61.652,61.2,61.527,59.383,59.9
2001.75,2001,10,4738308,8308,152,284,0.62,0.0208,0,0,0.0208,0.4792,0.4792,37.1,22.3,20.8,56,47.941,46.691,54,51.696,52.971,52.54
2001.8333333333333,2001,11,4746616,8308,150,152,2.17,0.1667,0,0,0,0.1667,0.6667,34.2,16.1,0,40.75,35.633,28.329,34.6,37.056,30.718,39.54
2001.9166666666667,2001,12,4754925,8309,74,121,1.97,0.4792,0.0208,0,0,0.0208,0.4792,31.1,11.9,0,45.5,41.76,33.849,38.4,37.032,40.067,45.37
2002,2002,1,4763233,8308,55,143,0.16,0.6667,0.1667,0,0,0,0.1667,27.9,11.3,0,41.25,39.706,35.898,33.2,43.825,37.312,42.18
2002.0833333333333,2002,2,4771719,8486,26,96,0.15,0.4792,0.4792,0.0208,0,0,0.0208,30.6,13.4,0,33.75,31.159,30.49,27.7,36.942,31.627,33.37
2002.1666666666667,2002,3,4780205,8486,10,55,0,0.1667,0.6667,0.1667,0,0,0,36.3,19.8,0,31.75,28.262,31.942,35.9,37.809,39.114,32.06
2002.25,2002,4,4788691,8486,17,157,0.5,0.0208,0.4792,0.4792,0.0208,0,0,40.6,24.9,0,32,28.635,35.084,41.3,40.385,43.115,30.87
2002.3333333333333,2002,5,4797177,8486,3,162,0.35,0,0.1667,0.6667,0.1667,0,0,42.6,27.6,0,46.5,40.027,47.992,52.8,48.925,53.989,43.12
2002.4166666666667,2002,6,4805663,8486,9,184,0.79,0,0.0208,0.4792,0.4792,0.0208,0,39.1,27.8,147.6,60.25,54.536,62.247,60,52.851,61.318,55.8
2002.5,2002,7,4814149,8486,43,507,3.46,0,0,0.1667,0.6667,0.1667,0,34.6,26.1,63.9,65.75,60.79,66.42,63.3,60.914,63.354,61.85
2002.5833333333333,2002,8,4822635,8486,93,878,1.37,0,0,0.0208,0.4792,0.4792,0.0208,32.7,24.8,114.6,75,70.293,76.514,68.6,68.287,71.59,71.07
2002.6666666666667,2002,9,4831121,8486,155,819,0.62,0,0,0,0.1667,0.6667,0.1667,34.4,24.1,71.2,71.5,65.551,66.855,62.2,63.497,63.093,67.66
2002.75,2002,10,4839607,8486,109,327,0.33,0.0208,0,0,0.0208,0.4792,0.4792,38.9,21.3,0,43,38.268,32.54,48.8,44.515,45.908,42.46
2002.8333333333333,2002,11,4848093,8486,71,134,0.66,0.1667,0,0,0,0.1667,0.6667,34.8,15.3,0,42.25,34.21,29.856,37.6,38.195,36.935,39.2
2002.9166666666667,2002,12,4856579,8486,60,138,0.81,0.4792,0.0208,0,0,0.0208,0.4792,31.7,12.7,0.5,46.75,41.057,37.089,38.475,36.428,39.405,45.56
2003,2003,1,4865065,8486,53,152,0.42,0.6667,0.1667,0,0,0,0.1667,29.1,13.8,0,38.75,36.076,35.316,37.24,41.973,38.675,38.69
2003.0833333333333,2003,2,4873732,8667,19,145,0.25,0.4792,0.4792,0.0208,0,0,0.0208,31.1,16.5,11.4,44.5,37.275,40.58,45.885,44.841,47.469,41.28
2003.1666666666667,2003,3,4882400,8668,13,104,0.92,0.1667,0.6667,0.1667,0,0,0,35.8,19.7,0,29.25,26.107,26.593,35.72,35.016,37.836,29.06
2003.25,2003,4,4891067,8667,24,189,0.58,0.0208,0.4792,0.4792,0.0208,0,0,40,25.4,0,34,33.187,35.681,47.5,44.892,43.206,34.55
2003.3333333333333,2003,5,4899735,8668,7,201,0.46,0,0.1667,0.6667,0.1667,0,0,41.7,27.2,0,40.5,36.236,43.459,53.96,48.467,52.125,40.42
2003.4166666666667,2003,6,4908402,8667,21,308,1.79,0,0.0208,0.4792,0.4792,0.0208,0,39.1,27.7,48.6,60,55.008,64.306,64.22,63.731,64.632,57.77
2003.5,2003,7,4917070,8668,19,611,1.41,0,0,0.1667,0.6667,0.1667,0,32.8,26,299.6,84.25,75.224,82.803,71.82,70.618,72.473,78.2
2003.5833333333333,2003,8,4925737,8667,131,987,3.04,0,0,0.0208,0.4792,0.4792,0.0208,32,25.3,493.1,80.5,75.946,81.965,70.015,69.41,70.081,78.11
2003.6666666666667,2003,9,4934404,8667,188,854,0.45,0,0,0,0.1667,0.6667,0.1667,32.5,24.8,22,76,70.468,75.738,66.12,67.221,69.664,72.33
2003.75,2003,10,4943072,8668,241,407,0.37,0.0208,0,0,0.0208,0.4792,0.4792,35.7,20.5,0,50.75,39.053,39.151,50.635,48.028,49.28,45.09
2003.8333333333333,2003,11,4951739,8667,213,225,0.46,0.1667,0,0,0,0.1667,0.6667,33.7,18.4,0,49.5,44.044,39.482,48.07,50.343,47.268,47.31
2003.9166666666667,2003,12,4960407,8668,187,145,0.88,0.4792,0.0208,0,0,0.0208,0.4792,29.5,12.9,0,48,45.665,39.861,49.5,46.68,48.675,48.57
2004,2004,1,4969074,8667,120,82,0.33,0.6667,0.1667,0,0,0,0.1667,28,12.3,0,47.5,46.721,40.89,53.7,52.498,53.749,49.01
2004.0833333333333,2004,2,4977927,8853,73,74,0.06,0.4792,0.4792,0.0208,0,0,0.0208,31.5,13.2,0,39.75,36.673,31.514,46.1,47.621,45.939,39.96
2004.1666666666667,2004,3,4986779,8852,41,99,0.17,0.1667,0.6667,0.1667,0,0,0,38.4,19.8,0,29.5,24.919,24.248,37.4,36.728,37.27,28.03
2004.25,2004,4,4995632,8853,25,198,0.66,0.0208,0.4792,0.4792,0.0208,0,0,40.4,25.3,0,41.25,39.75,43.732,61.5,54.241,55.874,43.07
2004.3333333333333,2004,5,5004485,8853,20,277,0.58,0,0.1667,0.6667,0.1667,0,0,40.7,27,15.2,46.75,45.827,47.605,57,49.662,56.008,47.8
2004.4166666666667,2004,6,5013337,8852,18,381,1.45,0,0.0208,0.4792,0.4792,0.0208,0,38.4,27.1,100.3,63.25,59.43,65.328,69.9,66.342,67.955,61.61
2004.5,2004,7,5022190,8853,34,499,6.54,0,0,0.1667,0.6667,0.1667,0,35.5,26.2,210.6,68.5,74.358,72.17,77.1,76.025,74.601,73.22
2004.5833333333333,2004,8,5031043,8853,187,1231,0.37,0,0,0.0208,0.4792,0.4792,0.0208,30,24.4,468,84,87.435,84.03,80.5,79.546,78.465,86.67
2004.6666666666667,2004,9,5039895,8852,501,994,0.42,0,0,0,0.1667,0.6667,0.1667,35,25.4,27.4,64.75,69.801,68.824,70.1,68.878,69.108,69.05
2004.75,2004,10,5048748,8853,334,652,0.37,0.0208,0,0,0.0208,0.4792,0.4792,34.1,21.1,8.7,56.75,59.449,46.122,57.2,61.008,56.225,61.04
2004.8333333333333,2004,11,5057601,8853,607,373,0.33,0.1667,0,0,0,0.1667,0.6667,33.5,18.5,0.6,48.25,48.437,35.239,49.7,46.629,45.587,51.11
2004.9166666666667,2004,12,5066453,8852,354,228,0.95,0.4792,0.0208,0,0,0.0208,0.4792,30.1,15.1,0,51.25,54.536,42.742,47.4,52.851,48.11,55.98
2005,2005,1,5075306,8853,173,168,0.08,0.6667,0.1667,0,0,0,0.1667,26.2,11.5,0,51,49.686,39.687,47.5,52.926,47.435,51.66
2005.0833333333333,2005,2,5084348,9042,86,150,0,0.4792,0.4792,0.0208,0,0,0.0208,29.7,14,0,43.75,46.451,37.78,45.9,49.85,43.838,47.99
2005.1666666666667,2005,3,5093390,9042,65,162,0.32,0.1667,0.6667,0.1667,0,0,0,35.4,19.7,0.1,41.75,40.129,33.906,46.2,44.638,43.04,42.83
2005.25,2005,4,5102432,9042,42,195,0.77,0.0208,0.4792,0.4792,0.0208,0,0,39.6,22.5,0,28.75,21.836,25.955,45.4,41.229,42.638,25.35
2005.3333333333333,2005,5,5111474,9042,46,297,0.78,0,0.1667,0.6667,0.1667,0,0,41.2,27.2,0,44.75,35.032,45.631,62.1,56.753,57.355,40.78
2005.4166666666667,2005,6,5120516,9042,21,343,0.2,0,0.0208,0.4792,0.4792,0.0208,0,39,27.5,198.9,61.5,55.161,62.643,70.7,66.101,68.57,58.02
2005.5,2005,7,5129558,9042,144,1014,1.62,0,0,0.1667,0.6667,0.1667,0,32.7,26.3,426.2,75.5,74.528,76.739,76.6,76.052,74.692,75.09
2005.5833333333333,2005,8,5138599,9041,364,1542,1.7,0,0,0.0208,0.4792,0.4792,0.0208,31.6,25,213.1,78.5,73.1,78.589,78.4,74.742,76.377,75.77
2005.6666666666667,2005,9,5147641,9042,570,1012,0.55,0,0,0,0.1667,0.6667,0.1667,32.3,24.9,384.9,81.25,79.9,80.653,79.8,76.828,77.535,80.65
2005.75,2005,10,5156683,9042,528,493,0.27,0.0208,0,0,0.0208,0.4792,0.4792,34.8,20.9,0,59.5,62.034,47.9,58.6,59.141,56.723,63.62
2005.8333333333333,2005,11,5165725,9042,486,292,0.21,0.1667,0,0,0,0.1667,0.6667,33,15.6,0,56.75,54.031,36.201,48.9,51.324,44.075,59.55
2005.9166666666667,2005,12,5174767,9042,234,166,0.55,0.4792,0.0208,0,0,0.0208,0.4792,28.1,11.6,0,53,52.588,38.643,47.8,46.289,45.339,56.09
2006,2006,1,5183809,9042,91,85,0.03,0.6667,0.1667,0,0,0,0.1667,28.3,11.9,0,51.5,52.872,38.86,39.7,43.826,41.95,55.91
2006.0833333333333,2006,2,5193044,9235,62,73,0.03,0.4792,0.4792,0.0208,0,0,0.0208,34.2,16.3,0,45,48.261,34.263,36,39.752,34.031,50.56
2006.1666666666667,2006,3,5202280,9236,68,120,0.37,0.1667,0.6667,0.1667,0,0,0,34.4,18.6,4.1,39.5,40.654,33.939,37.5,38.164,39.759,42.74
2006.25,2006,4,5211515,9235,22,201,0.15,0.0208,0.4792,0.4792,0.0208,0,0,38.7,23.8,0,43.5,42.741,42.36,49.4,48.788,48.391,44.97
2006.3333333333333,2006,5,5220750,9235,13,313,0.2,0,0.1667,0.6667,0.1667,0,0,41.5,26.9,0,51,53.961,49.243,59.2,55.658,57.336,55.46
2006.4166666666667,2006,6,5229985,9235,43,368,0.82,0,0.0208,0.4792,0.4792,0.0208,0,38,27.1,141.9,64.75,64.941,64.77,64.4,62.982,64.787,65.63
2006.5,2006,7,5239220,9235,196,652,0.32,0,0,0.1667,0.6667,0.1667,0,32.4,25.6,309,82,82.112,81.008,73.9,74.002,74.028,82.26
2006.5833333333333,2006,8,5248456,9236,466,1106,0.41,0,0,0.0208,0.4792,0.4792,0.0208,30,24.7,462.5,85.75,84.093,84.24,75.8,76.269,76.444,85.06
2006.6666666666667,2006,9,5257691,9235,429,540,0.05,0,0,0,0.1667,0.6667,0.1667,33.1,25.3,155,78.5,68.951,78.243,69.5,68.243,72.103,73.11
2006.75,2006,10,5266926,9235,333,162,0.17,0.0208,0,0,0.0208,0.4792,0.4792,35.5,22.3,0,61.75,52.225,47.251,55.2,55.764,52.757,57.53
2006.8333333333333,2006,11,5276161,9235,315,150,0.05,0.1667,0,0,0,0.1667,0.6667,32.7,17.5,0,54.5,50.872,39.551,45.3,46.149,46.55,55.07
2006.9166666666667,2006,12,5285397,9236,179,67,0.22,0.4792,0.0208,0,0,0.0208,0.4792,29.6,15.1,0,58.5,52.924,45.595,49.2,47.583,52.453,56.78
2007,2007,1,5294632,9235,59,47,0,0.6667,0.1667,0,0,0,0.1667,28.2,13.5,0,48,48.916,37.685,43.3,44.867,42.131,51.4
2007.0833333333333,2007,2,5304065,9433,29,32,0.17,0.4792,0.4792,0.0208,0,0,0.0208,31.6,16.8,1.3,51.25,44.906,42.902,49.8,47.326,49.126,49.24
2007.1666666666667,2007,3,5313497,9432,37,65,0.27,0.1667,0.6667,0.1667,0,0,0,35,19.5,0,39.5,33.377,31.273,48.4,41.364,46.856,37.04
2007.25,2007,4,5322930,9433,27,130,0.47,0.0208,0.4792,0.4792,0.0208,0,0,40.5,25.1,0.2,38,32.367,35.419,47.8,46.566,42.861,36.45
2007.3333333333333,2007,5,5332362,9432,16,195,0.32,0,0.1667,0.6667,0.1667,0,0,40.9,27.6,4.4,52,44.426,50.804,56.4,50.572,57.004,48.74
2007.4166666666667,2007,6,5341795,9433,19,260,0.21,0,0.0208,0.4792,0.4792,0.0208,0,38.4,28,84.1,65.5,59.642,65.651,65.3,63.269,66.176,61.91
2007.5,2007,7,5351228,9433,34,399,0.98,0,0,0.1667,0.6667,0.1667,0,32.6,26.2,498.4,80.25,77.565,80.845,72.6,72.839,73.554,78.86
2007.5833333333333,2007,8,5360660,9432,273,766,0.44,0,0,0.0208,0.4792,0.4792,0.0208,32.1,25.4,403.3,82.75,83.433,82.896,74.7,74.062,73.254,83.21
2007.6666666666667,2007,9,5370093,9433,672,664,0.43,0,0,0,0.1667,0.6667,0.1667,33.3,25.4,71.7,79.5,79.565,79.786,72.5,73.069,73.232,80.03
2007.75,2007,10,5379525,9432,499,394,0.1,0.0208,0,0,0.0208,0.4792,0.4792,35,20.1,0,60.25,57.913,47.401,51.6,51.016,52.368,60.81
2007.8333333333333,2007,11,5388958,9433,278,102,0.29,0.1667,0,0,0,0.1667,0.6667,33.7,17.1,0,52.5,52.166,39.076,48.9,51.622,49.785,55.36
2007.9166666666667,2007,12,5398390,9432,161,71,0.31,0.4792,0.0208,0,0,0.0208,0.4792,28.6,14.1,0,54,55.448,43.568,44.4,52.214,48.063,56.56
2008,2008,1,5407823,9433,44,37,0.04,0.6667,0.1667,0,0,0,0.1667,26.9,12,0,46.75,48.923,38.162,41.04,43.85,42.329,50.47
2008.0833333333333,2008,2,5417457,9634,24,44,0.02,0.4792,0.4792,0.0208,0,0,0.0208,28.3,11.1,0,40.75,41.374,29.706,31.065,33.583,33.315,44.29
2008.1666666666667,2008,3,5427092,9635,22,79,0.1,0.1667,0.6667,0.1667,0,0,0,36.6,19.6,0,38.25,39.563,33.797,41.42,41.895,40.596,41.19
2008.25,2008,4,5436726,9634,20,148,0,0.0208,0.4792,0.4792,0.0208,0,0,38.6,23.9,7.4,40.5,38.922,36.909,44.27,45.209,42.742,41.51
2008.3333333333333,2008,5,5446361,9635,15,292,0.08,0,0.1667,0.6667,0.1667,0,0,40.7,26.8,0,47.5,48.995,52.226,58.425,54.139,58.06,50.87
2008.4166666666667,2008,6,5455995,9634,6,330,0.1,0,0.0208,0.4792,0.4792,0.0208,0,37.2,27.7,21.3,62,66.136,68.633,66.785,65.162,67.628,65.54
2008.5,2008,7,5465630,9635,67,688,0.31,0,0,0.1667,0.6667,0.1667,0,33.4,26.2,201,74.5,78.142,78.591,69.825,70.823,72.776,77.34
2008.5833333333333,2008,8,5475264,9634,288,1124,0.08,0,0,0.0208,0.4792,0.4792,0.0208,31.1,25,301.1,81.5,79.787,81.712,69.065,72.319,69.86,81.21
2008.6666666666667,2008,9,5484898,9634,381,728,0.04,0,0,0,0.1667,0.6667,0.1667,33.3,25.2,118.3,76.5,75.774,77.178,67.545,68.373,70.137,76.66
2008.75,2008,10,5494533,9635,293,304,0.02,0.0208,0,0,0.0208,0.4792,0.4792,35.8,22,0,58,57.726,48.361,51.015,50.826,52.164,60.01
2008.8333333333333,2008,11,5504167,9634,173,146,0.06,0.1667,0,0,0,0.1667,0.6667,33.1,17.1,0.2,47.5,48.32,37.743,39.045,40.879,41.164,51.04
2008.9166666666667,2008,12,5513802,9635,66,56,0.07,0.4792,0.0208,0,0,0.0208,0.4792,30.2,16.8,5.6,57.5,58.357,47.203,44.935,47.54,48.156,60.13
2009,2009,1,5523436,9634,49,40,0.02,0.6667,0.1667,0,0,0,0.1667,28.7,15,0,56,57.454,46.849,48.6,49.7,49.73,58.85
2009.0833333333333,2009,2,5533276,9840,25,48,0.02,0.4792,0.4792,0.0208,0,0,0.0208,32.2,16.1,0,45,46.218,37.452,41.4,45.864,40.808,48.36
2009.1666666666667,2009,3,5543117,9841,20,206,0.06,0.1667,0.6667,0.1667,0,0,0,36.9,21.1,0,34.25,33.54,33.018,37.1,36.682,39.489,35.56
2009.25,2009,4,5552957,9840,22,263,0,0.0208,0.4792,0.4792,0.0208,0,0,40.2,24.2,0,27.5,25.792,25.764,35.9,35.101,37.793,28.72
2009.3333333333333,2009,5,5562797,9840,8,243,0.08,0,0.1667,0.6667,0.1667,0,0,41.9,27.2,0,49.5,47.957,50.168,58.7,53.764,57.713,50.69
2009.4166666666667,2009,6,5572638,9841,6,333,0.19,0,0.0208,0.4792,0.4792,0.0208,0,40.1,27.8,3.6,55.5,56.314,59.328,62.4,62.092,63.211,57.5
2009.5,2009,7,5582478,9840,8,390,0.54,0,0,0.1667,0.6667,0.1667,0,34.4,26.1,302.7,77,76.846,78.505,76.5,74.479,76.655,77.52
2009.5833333333333,2009,8,5592318,9840,210,1157,0.19,0,0,0.0208,0.4792,0.4792,0.0208,34.2,25.8,159.2,71,71.569,73.168,69.8,68.668,71.085,72.26
2009.6666666666667,2009,9,5602159,9841,145,1115,0.27,0,0,0,0.1667,0.6667,0.1667,35.1,25.1,21.8,67.75,65.396,68.284,65.7,64.595,66.891,67.39
2009.75,2009,10,5611999,9840,146,448,0.1,0.0208,0,0,0.0208,0.4792,0.4792,36,21.8,6.2,51,46.866,41.136,51.3,51.669,51.552,50.94
2009.8333333333333,2009,11,5621839,9840,255,297,0.13,0.1667,0,0,0,0.1667,0.6667,32.7,18.3,0.2,50.75,46.611,40.323,48.8,49.675,48.254,49.74
2009.9166666666667,2009,12,5631680,9841,128,115,0.14,0.4792,0.0208,0,0,0.0208,0.4792,30.2,15.2,0,54.25,48.708,43.36,47.2,46.487,49.624,53.08
2010,2010,1,5641520,9840,29,54,0.06,0.6667,0.1667,0,0,0,0.1667,29,13.7,1.5,49,43.514,37.143,39.8,43.784,39.869,47.74
2010.0833333333333,2010,2,5651571,10051,6,52,0,0.4792,0.4792,0.0208,0,0,0.0208,32,15.9,0,42.25,35.342,32.66,40.7,42.95,42.983,39.86
2010.1666666666667,2010,3,5661621,10050,22,137,0.06,0.1667,0.6667,0.1667,0,0,0,38.1,21.5,0,36,28.596,33.566,42.2,40.878,41.588,33.35
2010.25,2010,4,5671672,10051,30,220,0.13,0.0208,0.4792,0.4792,0.0208,0,0,41.7,25.9,0,41,32.46,36.565,49.6,47.16,47.699,36.79
2010.3333333333333,2010,5,5681723,10051,13,267,0.13,0,0.1667,0.6667,0.1667,0,0,43.8,28.8,0,40.75,31.807,42.035,54.5,50.208,51.219,37.01
2010.4166666666667,2010,6,5691773,10050,21,400,0.19,0,0.0208,0.4792,0.4792,0.0208,0,39.9,28.6,62.1,55.5,49.505,57.526,66.3,58.773,63.954,53.19
2010.5,2010,7,5701824,10051,25,423,0.38,0,0,0.1667,0.6667,0.1667,0,33.9,26.2,417,80.75,77.392,80.851,74.9,73.669,74.382,78.62
2010.5833333333333,2010,8,5711875,10051,207,1288,0.17,0,0,0.0208,0.4792,0.4792,0.0208,32.8,25.8,534.3,85,81.677,83.545,74.9,74.749,75.654,83.07
2010.6666666666667,2010,9,5721925,10050,410,1245,0.08,0,0,0,0.1667,0.6667,0.1667,33.4,25.3,112,78,73.714,76.933,71.9,70.36,72.733,75.74
2010.75,2010,10,5731976,10051,378,690,0.15,0.0208,0,0,0.0208,0.4792,0.4792,35.8,23.5,8.8,58.25,52.247,54.942,62.5,58.757,60.557,56.51
2010.8333333333333,2010,11,5742027,10051,364,324,0.08,0.1667,0,0,0,0.1667,0.6667,31.1,20.3,31.1,66,62.307,62.372,62.3,59.895,62.376,64.8
2010.9166666666667,2010,12,5752077,10050,415,173,0.12,0.4792,0.0208,0,0,0.0208,0.4792,28.2,12.9,1.7,59.5,53.578,46.613,52.3,53.379,52.679,58.27
2011,2011,1,5762128,10051,62,60,0.04,0.6667,0.1667,0,0,0,0.1667,27.5,11.1,0,49.25,45.93,35.657,48.7,39.878,45.396,50.49
2011.0833333333333,2011,2,5772394,10266,27,62,0.1,0.4792,0.4792,0.0208,0,0,0.0208,30.8,15.4,0,48.5,45.117,43.156,51.5,47.035,48.662,49.06
2011.1666666666667,2011,3,5782659,10265,32,136,0.08,0.1667,0.6667,0.1667,0,0,0,36.5,19,0,39,28.483,31.285,44.7,40.878,46.856,34
2011.25,2011,4,5792925,10266,11,260,0.23,0.0208,0.4792,0.4792,0.0208,0,0,39.7,24.1,0,33.25,24.251,31.103,60.2,36.728,40.188,28.69
2011.3333333333333,2011,5,5803190,10265,5,428,0.17,0,0.1667,0.6667,0.1667,0,0,41,27.2,0,51,40.146,51.751,68,44.638,57.708,45.75
2011.4166666666667,2011,6,5813456,10266,7,579,0.15,0,0.0208,0.4792,0.4792,0.0208,0,39.3,28.4,15,59.5,50.178,57.77,72.5,54.742,63.954,54.09
2011.5,2011,7,5823722,10266,53,799,0.79,0,0,0.1667,0.6667,0.1667,0,34.2,26.3,300.9,80.25,72.964,78.571,80.9,71.702,76.175,76.01
2011.5833333333333,2011,8,5833987,10265,590,2882,0.19,0,0,0.0208,0.4792,0.4792,0.0208,31.6,25.3,337.4,88.5,82.719,85.874,84.8,71.796,76.444,84.83
2011.6666666666667,2011,9,5844253,10266,1142,2670,0.08,0,0,0,0.1667,0.6667,0.1667,32.4,24.6,74.6,85.5,78.281,79.582,80,71.215,71.996,81.3
2011.75,2011,10,5854518,10265,905,1249,0,0.0208,0,0,0.0208,0.4792,0.4792,35.7,21.8,0.2,57.25,50.359,47.262,58.9,56.342,52.757,55.13
2011.8333333333333,2011,11,5864784,10266,542,521,0.02,0.1667,0,0,0,0.1667,0.6667,34,19.2,0,52.5,45.982,41.42,49.9,39.878,51.609,50.29
2011.9166666666667,2011,12,5875049,10265,282,227,0.15,0.4792,0.0208,0,0,0.0208,0.4792,30.2,14.3,0,52.75,46.839,42.82,51.6,51.669,48.11,51.71
2012,2012,1,5885315,10266,86,131,0,0.6667,0.1667,0,0,0,0.1667,26.6,11.8,0,51.75,43.692,41.272,46.4,43.727,51.468,48.08
2012.0833333333333,2012,2,5895800,10485,22,139,0,0.4792,0.4792,0.0208,0,0,0.0208,29.7,13,0,43.5,34.114,35.018,38.8,37.236,43.311,38.58
2012.1666666666667,2012,3,5906285,10485,11,413,0.02,0.1667,0.6667,0.1667,0,0,0,35.1,17.9,0,40.25,27.995,31.206,40.4,37.809,45.621,33.22
2012.25,2012,4,5916770,10485,18,921,0,0.0208,0.4792,0.4792,0.0208,0,0,39.1,24.8,3,46.25,33.589,39.456,52.7,37.33,47.296,38.09
2012.3333333333333,2012,5,5927255,10485,32,1563,0,0,0.1667,0.6667,0.1667,0,0,41.3,27,0,53,43.078,51.557,62.6,48.192,57.785,47.83
2012.4166666666667,2012,6,5937740,10485,29,1832,0.02,0,0.0208,0.4792,0.4792,0.0208,0,39.5,27.8,37.3,60.25,55.407,58.543,66.1,52.214,63.237,58.14
2012.5,2012,7,5948226,10486,66,2076,0.63,0,0,0.1667,0.6667,0.1667,0,34.9,26.9,70.6,73,69.547,72.378,74,66.711,71.955,71.11
2012.5833333333333,2012,8,5958711,10485,616,4701,0,0,0,0.0208,0.4792,0.4792,0.0208,32.5,25.5,248.2,79.25,75.453,75.745,75.4,68.305,69.664,77.2
2012.6666666666667,2012,9,5969196,10485,866,2581,0,0,0,0,0.1667,0.6667,0.1667,32.8,24.7,248.5,81.75,74.83,80.258,75,74.983,75.722,77.33
2012.75,2012,10,5979681,10485,632,959,0,0.0208,0,0,0.0208,0.4792,0.4792,35.8,20.9,0,59.25,54.41,45.651,57.3,52.698,57.355,58.36
2012.8333333333333,2012,11,5990166,10485,377,419,0,0.1667,0,0,0,0.1667,0.6667,32.3,14.7,0,55.75,54.5,37.191,42.1,52.698,39.697,56.4
2012.9166666666667,2012,12,6000651,10485,143,143,0.06,0.4792,0.0208,0,0,0.0208,0.4792,29.9,14.5,0,59,50.893,44.695,45.7,45.425,48.426,55.05
2013,2013,1,6011136,10485,16,100,0,0.6667,0.1667,0,0,0,0.1667,27.2,11.6,0,47.75,43.899,37.173,38.7,47.283,39.869,48.03
2013.0833333333333,2013,2,6021845,10709,15,148,0,0.4792,0.4792,0.0208,0,0,0.0208,30.5,16.1,0.2,47.25,43.917,40.275,40.3,47.283,48.101,47.04
2013.1666666666667,2013,3,6032554,10709,15,279,0,0.1667,0.6667,0.1667,0,0,0,35.8,19.4,0,37.25,35.813,32.054,35.2,37.079,39.141,38.46
2013.25,2013,4,6043263,10709,20,486,0,0.0208,0.4792,0.4792,0.0208,0,0,38.6,23.9,5.5,39.25,38.125,40.168,46.7,44.468,48.623,40.25
2013.3333333333333,2013,5,6053972,10709,7,616,0.02,0,0.1667,0.6667,0.1667,0,0,42.2,27.1,0,45,38.329,45.014,59.4,37.913,48.426,42.96
2013.4166666666667,2013,6,6064681,10709,28,727,0.36,0,0.0208,0.4792,0.4792,0.0208,0,36.8,27,107.5,68.5,66.063,71.057,70.9,65.162,74.633,67.52
2013.5,2013,7,6075390,10709,108,1615,0.35,0,0,0.1667,0.6667,0.1667,0,32.1,25.2,468.5,84,85.621,82.098,75.8,78.411,70.081,85.38
2013.5833333333333,2013,8,6086100,10710,242,1409,0.25,0,0,0.0208,0.4792,0.4792,0.0208,31.7,25.1,173.7,81.75,84.119,81.68,73.3,77.636,69.86,83.88
2013.6666666666667,2013,9,6096809,10709,196,697,0.02,0,0,0,0.1667,0.6667,0.1667,34.4,25.3,193.5,75.75,75.949,76.509,68.6,69.41,71.59,76.77
2013.75,2013,10,6107518,10709,147,268,0.04,0.0208,0,0,0.0208,0.4792,0.4792,33.7,22.3,63.3,71.75,71.888,66.918,58.9,70.76,63.093,73.36
2013.8333333333333,2013,11,6118227,10709,159,152,0.02,0.1667,0,0,0,0.1667,0.6667,31.7,17.2,0,56.5,54.26,45.352,43.7,50.506,51.643,57.32
2013.9166666666667,2013,12,6128936,10709,32,51,0.09,0.4792,0.0208,0,0,0.0208,0.4792,29.2,13.1,0,58.25,54.743,48.276,45.9,47.833,52.164,58.81
2014,2014,1,6139645,10709,10,35,0,0.6667,0.1667,0,0,0,0.1667,26.4,12.6,5.8,59.25,58.278,52.29,44.1,47.54,58.06,60.55
2014.0833333333333,2014,2,6148823,9178,6,94,0,0.4792,0.4792,0.0208,0,0,0.0208,29.8,14.9,0,48.25,45.2,42.512,39.5,47.243,48.693,48.76
2014.1666666666667,2014,3,6158001,9178,6,147,0.04,0.1667,0.6667,0.1667,0,0,0,34.5,18.8,0,43,34.51,35.086,35.2,43.081,43.115,39.02
2014.25,2014,4,6167178,9177,9,302,0.02,0.0208,0.4792,0.4792,0.0208,0,0,39.3,23.7,11.4,41,34.054,37.329,42.7,37.236,40.492,37.96
2014.3333333333333,2014,5,6176356,9178,5,522,0.04,0,0.1667,0.6667,0.1667,0,0,41.4,27,0.4,45.5,38.078,45.41,52.2,44.533,51.643,42.03
2014.4166666666667,2014,6,6185534,9178,3,282,0,0,0.0208,0.4792,0.4792,0.0208,0,41.2,28.3,1,54.25,51.233,55.718,57,45.478,57.943,53.62
2014.5,2014,7,6194712,9178,5,227,0,0,0,0.1667,0.6667,0.1667,0,35.9,26.3,607.9,70.5,69.978,72.879,66.3,69.454,70.639,71.2
2014.5833333333333,2014,8,6203890,9178,80,495,0.25,0,0,0.0208,0.4792,0.4792,0.0208,33.5,25.2,104.8,81.75,78.632,79.329,67.5,74.103,71.508,80.47
2014.6666666666667,2014,9,6213068,9178,111,637,0.13,0,0,0,0.1667,0.6667,0.1667,32.4,24.9,198.5,82.75,82.887,78.008,64.8,71.909,71.865,84.03
2014.75,2014,10,6222246,9178,77,197,0.13,0.0208,0,0,0.0208,0.4792,0.4792,36.3,22.6,1.1,63,56.814,49.027,45.3,58.338,57.227,60.88
2014.8333333333333,2014,11,6231423,9177,83,157,0.23,0.1667,0,0,0,0.1667,0.6667,33.9,19.6,1,59.75,54.462,46.245,41,52.698,55.343,58.44
2014.9166666666667,2014,12,6240601,9178,91,76,0.07,0.4792,0.0208,0,0,0.0208,0.4792,28.5,13.5,0,49.75,46.74,41.774,34.7,52.773,51.345,50.66
2015,2015,1,6249779,9178,47,60,0,0.6667,0.1667,0,0,0,0.1667,26.7,12.7,7.6,59,57.233,48.889,NA,50.815,57.227,60.71
2015.0833333333333,2015,2,6258957,9178,10,36,0,0.4792,0.4792,0.0208,0,0,0.0208,31.8,16.1,0,48.75,44.364,40.393,NA,50.572,48.606,48.4
2015.1666666666667,2015,3,6268135,9178,9,74,0,0.1667,0.6667,0.1667,0,0,0,34.4,19.8,7.1,44,39.469,38.951,NA,41.926,43.514,42.84
2015.25,2015,4,6277313,9178,10,170,0,0.0208,0.4792,0.4792,0.0208,0,0,39,24.5,22.1,44.75,43.316,43.243,NA,47.043,49.39,43.1
2015.3333333333333,2015,5,6286491,9178,12,354,0,0,0.1667,0.6667,0.1667,0,0,42.6,27.7,6.7,44.25,38.532,43.719,NA,37.913,55.874,42.53
2015.4166666666667,2015,6,6295669,9178,12,348,0,0,0.0208,0.4792,0.4792,0.0208,0,38.5,28,135.5,62,60.107,64.299,NA,60.719,64.632,60.57
2015.5,2015,7,6304846,9177,86,880,0,0,0,0.1667,0.6667,0.1667,0,34.9,27.1,317.5,70,69.301,68.912,NA,66.609,69.192,69.64
2015.5833333333333,2015,8,6314024,9178,179,1404,0,0,0,0.0208,0.4792,0.4792,0.0208,33.9,26.2,19.1,73.25,72.45,74.908,NA,71.908,69.711,73.48
2015.6666666666667,2015,9,6323202,9178,374,1778,0,0,0,0,0.1667,0.6667,0.1667,35.1,25.5,79.2,68.5,66.724,66.916,NA,64.095,63.093,67.97
2015.75,2015,10,6332380,9178,252,655,0,0.0208,0,0,0.0208,0.4792,0.4792,37,22.7,0,55.5,51.487,43.174,NA,48.978,48.662,54.72
2015.8333333333333,2015,11,6341558,9178,163,222,0,0.1667,0,0,0,0.1667,0.6667,33.9,18.6,0,51.75,45.818,39.899,NA,51.981,48.633,49.35
2015.9166666666667,2015,12,6350736,9178,123,96,0,0.4792,0.0208,0,0,0.0208,0.4792,29.8,12.9,0,48,42.908,35.661,NA,48.372,43.206,46.65
2016,2016,1,6359914,9178,18,38,0,0.6667,0.1667,0,0,0,0.1667,30,12.4,0,55,50.317,42.814,NA,56.342,48.11,54.56
2016.0833333333333,2016,2,6359914,0,5,72,0,0.4792,0.4792,0.0208,0,0,0.0208,31.5,15.2,0,41.5,37.745,36.547,NA,45.416,48.255,41.32
2016.1666666666667,2016,3,6359914,0,13,171,0,0.1667,0.6667,0.1667,0,0,0,36.8,21.3,4.4,35.5,32.225,34.225,NA,46.566,29.631,35.72
2016.25,2016,4,6359914,0,17,326,0,0.0208,0.4792,0.4792,0.0208,0,0,39.3,25.3,0,38.75,34.742,40.84,NA,52.76,53.191,38.04
2016.3333333333333,2016,5,6359914,0,13,588,0,0,0.1667,0.6667,0.1667,0,0,42.8,28.7,0,43.75,39.9,46.494,NA,52.385,52.679,43.54
2016.4166666666667,2016,6,6359914,0,4,544,0,0,0.0208,0.4792,0.4792,0.0208,0,40.4,28.8,18.9,54.25,50.881,55.695,NA,46.033,57.943,53.58
2016.5,2016,7,6359914,0,25,783,0,0,0,0.1667,0.6667,0.1667,0,33.9,26.5,145.9,76.75,74.388,77.875,NA,76.025,69.997,75.85
2016.5833333333333,2016,8,6359914,0,459,2934,0,0,0,0.0208,0.4792,0.4792,0.0208,31.7,25.2,367.2,83,81.809,83.27,NA,74.471,73.813,82.75
2016.6666666666667,2016,9,6359914,0,336,2343,0,0,0,0,0.1667,0.6667,0.1667,34,24.8,74.9,73.75,70.5,71.268,NA,67.221,74.765,72.53
2016.75,2016,10,6359914,0,372,809,0,0.0208,0,0,0.0208,0.4792,0.4792,33.7,22,99.4,69.25,65.197,63.882,NA,64.874,63.762,68.38
2016.8333333333333,2016,11,6359914,0,456,532,0,0.1667,0,0,0,0.1667,0.6667,33.6,14.9,0,55.5,49.418,38.146,NA,58.773,42.329,53.89
2016.9166666666667,2016,12,6359914,0,100,128,0,0.4792,0.0208,0,0,0.0208,0.4792,31.3,13.6,0,53.75,50.08,42.619,NA,55.108,48.013,54.11
2017,2017,1,6359914,0,34,72,0,0.6667,0.1667,0,0,0,0.1667,28.6,13.5,0,52.25,50.855,47.245,NA,46.149,52.757,53.64
2017.0833333333333,2017,2,6344241,-15673,17,138,0,0.4792,0.4792,0.0208,0,0,0.0208,32.2,15.8,0,41.75,39.008,36.836,NA,48.028,42.915,42.68
2017.1666666666667,2017,3,6328568,-15673,19,279,0,0.1667,0.6667,0.1667,0,0,0,36.2,19.9,0,32.5,28.59,30.376,NA,40.878,36.526,31.69
2017.25,2017,4,6312895,-15673,10,615,0,0.0208,0.4792,0.4792,0.0208,0,0,40,23.5,0,38.75,34.366,37.95,NA,42.859,43.811,37.16
2017.3333333333333,2017,5,6297222,-15673,7,1024,0,0,0.1667,0.6667,0.1667,0,0,42.3,27.5,2.2,44.75,37.983,44.675,NA,44.491,55.132,42.31
2017.4166666666667,2017,6,6281549,-15673,6,991,0,0,0.0208,0.4792,0.4792,0.0208,0,39.2,27.6,102.1,63.75,58.334,61.548,NA,47.54,57.147,60.94
2017.5,2017,7,6265876,-15673,85,1150,0,0,0,0.1667,0.6667,0.1667,0,31.3,24.7,821,86.25,84.61,82.178,NA,77.636,70.081,85.66
2017.5833333333333,2017,8,6250202,-15674,336,2123,0,0,0,0.0208,0.4792,0.4792,0.0208,33.2,25.2,120.9,80.5,77.779,78.896,NA,71.925,77.549,79.46
2017.6666666666667,2017,9,6234529,-15673,268,1137,0,0,0,0,0.1667,0.6667,0.1667,34.1,24.8,102.7,76.5,72.994,75.057,NA,71.702,69.221,75.42
2017.75,2017,10,6218856,-15673,265,812,0,0.0208,0,0,0.0208,0.4792,0.4792,37.2,21.5,0,57,49.605,43.398,NA,52.193,49.624,54.46
2017.8333333333333,2017,11,6203183,-15673,163,475,0,0.1667,0,0,0,0.1667,0.6667,32.4,16.1,0,63.25,47.817,40.299,NA,50.957,48.254,54.24
2017.9166666666667,2017,12,6187510,-15673,57,122,0,0.4792,0.0208,0,0,0.0208,0.4792,27.5,14.6,12,58.5,51.393,48.648,NA,48.978,53.222,55.25
2018,2018,1,6171837,-15673,21,50,0,0.6667,0.1667,0,0,0,0.1667,28.9,12.4,0,53.25,46.884,39.922,NA,51.669,48.647,51.98
2018.0833333333333,2018,2,6178653,6816,10,52,0,0.4792,0.4792,0.0208,0,0,0.0208,32.2,15.2,0,47.75,40.793,35.772,NA,37.018,43.439,46.04
2018.1666666666667,2018,3,6185468,6815,15,124,0,0.1667,0.6667,0.1667,0,0,0,36.6,19.6,0,37.5,28.306,30.587,NA,37.809,36.415,33.44
2018.25,2018,4,6192284,6816,22,306,0,0.0208,0.4792,0.4792,0.0208,0,0,40.2,24.1,0,37.75,28.214,34.944,NA,37.809,46.407,33.58
2018.3333333333333,2018,5,6199099,6815,4,455,0,0,0.1667,0.6667,0.1667,0,0,42.7,27.3,0,48.75,36.529,43.536,NA,47.984,47.634,42.71
2018.4166666666667,2018,6,6205915,6816,3,467,0,0,0.0208,0.4792,0.4792,0.0208,0,40.2,28.1,7.7,56,52.36,55.137,NA,58.757,59.042,55.13
2018.5,2018,7,6212730,6815,28,629,0,0,0,0.1667,0.6667,0.1667,0,32.8,25.7,144.6,81,77.434,79.404,NA,73.669,70.412,78.89
2018.5833333333333,2018,8,6219546,6816,309,2140,0,0,0,0.0208,0.4792,0.4792,0.0208,32.2,24.8,214.1,77.5,76.739,77.669,NA,74.41,69.999,77.48
2018.6666666666667,2018,9,6226362,6816,138,974,0,0,0,0,0.1667,0.6667,0.1667,33.1,23.7,35.4,72,68.822,67.98,NA,68.243,67.851,71.21
2018.75,2018,10,6233177,6815,89,389,0,0.0208,0,0,0.0208,0.4792,0.4792,37.2,21.6,0,52,45.722,37.959,NA,49.424,44.03,50.46
2018.8333333333333,2018,11,6239993,6816,40,167,0,0.1667,0,0,0,0.1667,0.6667,34.2,17.2,0,51.25,43.448,39.428,NA,43.784,47.232,48.16
2018.9166666666667,2018,12,6246808,6815,31,48,0,0.4792,0.0208,0,0,0.0208,0.4792,28.4,12.6,0,50.25,42.413,39.805,NA,48.126,48.675,46.9
2019,2019,1,6253624,6816,4,25,NA,0.6667,0.1667,0,0,0,0.1667,27.9,11,0,49.25,41.66,38.841,NA,36.654,41.95,46.6
2019.0833333333333,2019,2,6259381,5757,2,29,NA,0.4792,0.4792,0.0208,0,0,0.0208,30,13.9,0,48.25,39.701,39.515,NA,43.825,47.257,44.47
2019.1666666666667,2019,3,6265137,5756,3,76,NA,0.1667,0.6667,0.1667,0,0,0,34.7,18.8,0,38.5,30.287,32.105,NA,36.337,38.786,34.13
2019.25,2019,4,6270894,5757,16,223,NA,0.0208,0.4792,0.4792,0.0208,0,0,41.1,24.9,3.9,34.25,28.697,33.307,NA,40.385,40.896,31.13
2019.3333333333333,2019,5,6276651,5757,13,395,NA,0,0.1667,0.6667,0.1667,0,0,41.6,27.1,0,46.25,37.758,45.876,NA,45.416,58.979,42.81
2019.4166666666667,2019,6,6282407,5756,7,383,NA,0,0.0208,0.4792,0.4792,0.0208,0,39.3,27.8,103,63.25,58.422,63.486,NA,47.567,63.299,61.76
2019.5,2019,7,6288164,5757,20,857,NA,0,0,0.1667,0.6667,0.1667,0,36.7,27.3,95.4,70.25,67.917,69.689,NA,63.44,70.829,69.69
2019.5833333333333,2019,8,6293921,5757,12,832,NA,0,0,0.0208,0.4792,0.4792,0.0208,31.6,25.6,309.4,82.25,84.554,83.271,NA,77.636,73.813,84.55
2019.6666666666667,2019,9,6299677,5756,32,616,NA,0,0,0,0.1667,0.6667,0.1667,32.3,25.5,343.3,85.25,88.158,86.415,NA,79.546,76.444,87.74
2019.75,2019,10,6305434,5757,33,374,NA,0.0208,0,0,0.0208,0.4792,0.4792,33.5,22.9,47.2,67.25,65.599,64.152,NA,63.497,64.247,67.81
2019.8333333333333,2019,11,6311191,5757,42,211,NA,0.1667,0,0,0,0.1667,0.6667,32.1,20.7,3.9,68.5,65.564,61.994,NA,63.497,60.299,68.07
2019.9166666666667,2019,12,6316947,5756,20,81,NA,0.4792,0.0208,0,0,0.0208,0.4792,27.7,15.1,0,59,55.194,52.916,NA,66.101,57.57,58.26
