time,year,month,pop,dpopdt,PF,PV,mvd,season1,season2,season3,season4,season5,season6,Min_temp,Max_temp,Mean_temp,hadISD
1997,1997,1,3760447,0,70,112,0,0.6666666666666666,0.16666666666666666,0,0,0,0.16666666666666666,11.75,27.12,19.69,52.56
1997.0833333333333,1997,2,3760447,0,73,145,0,0.47916666666695085,0.47916666666638247,0.02083333333327649,0,0,0.020833333333390176,12.98,31.07,22.48,45.75
1997.1666666666667,1997,3,3760447,0,40,180,0,0.16666666666643923,0.6666666666666665,0.16666666666689403,1.5678998430151447e-38,0,0,20.52,35.59,28.5,38.44
1997.25,1997,4,3760447,0,61,278,3,0.02083333333333332,0.4791666666666666,0.47916666666666663,0.02083333333333334,0,0,22.77,37.01,30.5,43.63
1997.3333333333333,1997,5,3760447,0,52,347,7.2,1.5661781376312937e-38,0.16666666666689398,0.6666666666666665,0.1666666666664393,0,0,25.98,40.51,33.91,44.68
1997.4166666666667,1997,6,3760447,0,134,588,4.12,0,0.020833333333276485,0.4791666666663823,0.4791666666669509,0.02083333333339019,0,25.98,34.5,30.64,70.79
1997.5,1997,7,3760447,0,236,1313,4.45,0,0,0.1666666666666666,0.6666666666666667,0.16666666666666674,0,26.27,33.6,30.33,76.98
1997.5833333333333,1997,8,3760447,0,257,959,4.32,0,0,0.020833333333390155,0.47916666666695085,0.4791666666663825,0.0208333333332765,25.25,32.18,29.04,80.42
1997.6666666666667,1997,9,3760447,0,429,717,0.7,1.5696228097215656e-38,0,0,0.16666666666643917,0.6666666666666667,0.16666666666689411,25.35,32.73,29.29,75.94
1997.75,1997,10,3760447,0,668,653,1.4,0.020833333333333363,0,0,0.02083333333333329,0.4791666666666665,0.47916666666666674,21.5,33.92,27.96,63.84
1997.8333333333333,1997,11,3760447,0,891,749,0.42,0.16666666666643945,0,0,1.5627385089838848e-38,0.16666666666689392,0.6666666666666665,18.85,32.01,25.55,62.45
1997.9166666666667,1997,12,3760447,0,467,200,2.9,0.479166666666951,0.020833333333390228,0,0,0.02083333333327648,0.4791666666663822,14.08,26.54,20.48,60.95
1998,1998,1,3840840,0,151,150,0.27,0.6666666666666666,0.16666666666666666,0,0,0,0.16666666666666666,12.47,27.67,20.32,52.18
1998.0833333333333,1998,2,3840840,0,101,215,0.32,0.47916666666695085,0.47916666666638247,0.02083333333327649,0,0,0.020833333333390176,13.27,30.27,22.2,49.28
1998.1666666666667,1998,3,3840840,0,43,179,0.45,0.16666666666643923,0.6666666666666665,0.16666666666689403,1.5678998430151447e-38,0,0,18.94,35.49,27.71,37.66
1998.25,1998,4,3840840,0,32,253,0,0.02083333333333332,0.4791666666666666,0.47916666666666663,0.02083333333333334,0,0,24.78,40.5,33.31,36.56
1998.3333333333333,1998,5,3840840,0,87,453,0.82,1.5661781376312937e-38,0.16666666666689398,0.6666666666666665,0.1666666666664393,0,0,28.18,43.14,36.35,36.48
1998.4166666666667,1998,6,3840840,0,72,387,2.12,0,0.020833333333276485,0.4791666666663823,0.4791666666669509,0.02083333333339019,0,28.37,39.61,34.52,55.22
1998.5,1998,7,3840840,0,117,933,3.4,0,0,0.1666666666666666,0.6666666666666667,0.16666666666666674,0,26.28,33.19,30.11,76.68
1998.5833333333333,1998,8,3840840,0,348,1208,1.62,0,0,0.020833333333390155,0.47916666666695085,0.4791666666663825,0.0208333333332765,25.86,33.07,29.81,77.97
1998.6666666666667,1998,9,3840840,0,783,1188,1.04,1.5696228097215656e-38,0,0,0.16666666666643917,0.6666666666666667,0.16666666666689411,25.15,32.96,29.32,77.9
1998.75,1998,10,3840840,0,426,429,0.89,0.020833333333333363,0,0,0.02083333333333329,0.4791666666666665,0.47916666666666674,22.74,33.75,28.46,68.15
1998.8333333333333,1998,11,3840840,0,270,363,0.52,0.16666666666643945,0,0,1.5627385089838848e-38,0.16666666666689392,0.6666666666666665,15.59,32.18,24.05,60.46
1998.9166666666667,1998,12,3840840,0,209,185,1.05,0.479166666666951,0.020833333333390228,0,0,0.02083333333327648,0.4791666666663822,10.65,30.1,20.63,55.16
1999,1999,1,3922952,0,94,143,0.12,0.6666666666666666,0.16666666666666666,0,0,0,0.16666666666666666,10.29,27.78,19.32,55.83
1999.0833333333333,1999,2,3922952,0,71,130,0.12,0.47916666666695085,0.47916666666638247,0.02083333333327649,0,0,0.020833333333390176,15.88,31.84,24.26,51.46
1999.1666666666667,1999,3,3922952,0,34,205,0.27,0.16666666666643923,0.6666666666666665,0.16666666666689403,1.5678998430151447e-38,0,0,18.47,36.44,27.99,34.48
1999.25,1999,4,3922952,0,50,270,0.52,0.02083333333333332,0.4791666666666666,0.47916666666666663,0.02083333333333334,0,0,23.5,40.59,32.77,36.12
1999.3333333333333,1999,5,3922952,0,44,374,1.29,1.5661781376312937e-38,0.16666666666689398,0.6666666666666665,0.1666666666664393,0,0,27,40.01,34.12,49.28
1999.4166666666667,1999,6,3922952,0,31,509,0.79,0,0.020833333333276485,0.4791666666663823,0.4791666666669509,0.02083333333339019,0,27.51,37.12,32.77,61.66
1999.5,1999,7,3922952,0,25,604,2.56,0,0,0.1666666666666666,0.6666666666666667,0.16666666666666674,0,25.99,33.15,29.96,71.28
1999.5833333333333,1999,8,3922952,0,137,1206,0.14,0,0,0.020833333333390155,0.47916666666695085,0.4791666666663825,0.0208333333332765,25.32,32.26,29.11,72.83
1999.6666666666667,1999,9,3922952,0,253,758,0.29,1.5696228097215656e-38,0,0,0.16666666666643917,0.6666666666666667,0.16666666666689411,25.46,34.54,30.31,66.82
1999.75,1999,10,3922952,0,277,432,0.43,0.020833333333333363,0,0,0.02083333333333329,0.4791666666666665,0.47916666666666674,21.31,33.99,27.89,66.13
1999.8333333333333,1999,11,3922952,0,284,247,0.2,0.16666666666643945,0,0,1.5627385089838848e-38,0.16666666666689392,0.6666666666666665,15.61,33.65,24.8,48.77
1999.9166666666667,1999,12,3922952,0,205,167,0.56,0.479166666666951,0.020833333333390228,0,0,0.02083333333327648,0.4791666666663822,11.63,29.57,20.84,47
2000,2000,1,4006819,0,83,102,0.06,0.6666666666666666,0.16666666666666666,0,0,0,0.16666666666666666,11.79,29.52,20.94,49.91
2000.0833333333333,2000,2,4006819,0,40,111,0.08,0.47916666666695085,0.47916666666638247,0.02083333333327649,0,0,0.020833333333390176,11.87,30.2,21.5,38.38
2000.1666666666667,2000,3,4006819,0,24,154,0.02,0.16666666666643923,0.6666666666666665,0.16666666666689403,1.5678998430151447e-38,0,0,17.78,36.09,27.49,29.87
2000.25,2000,4,4006819,0,18,169,0.27,0.02083333333333332,0.4791666666666666,0.47916666666666663,0.02083333333333334,0,0,23.9,41.92,33.68,35.74
2000.3333333333333,2000,5,4006819,0,26,283,0.56,1.5661781376312937e-38,0.16666666666689398,0.6666666666666665,0.1666666666664393,0,0,27.06,39.87,34.07,50.48
2000.4166666666667,2000,6,4006819,0,24,380,0.47,0,0.020833333333276485,0.4791666666663823,0.4791666666669509,0.02083333333339019,0,27.96,39.63,34.34,54
2000.5,2000,7,4006819,0,33,396,0.64,0,0,0.1666666666666666,0.6666666666666667,0.16666666666666674,0,25.65,33.14,29.8,74.05
2000.5833333333333,2000,8,4006819,0,132,707,0.97,0,0,0.020833333333390155,0.47916666666695085,0.4791666666663825,0.0208333333332765,25.17,33.62,29.8,72.8
2000.6666666666667,2000,9,4006819,0,171,613,0.56,1.5696228097215656e-38,0,0,0.16666666666643917,0.6666666666666667,0.16666666666689411,25.02,34.92,30.3,62.53
2000.75,2000,10,4006819,0,132,235,0.5,0.020833333333333363,0,0,0.02083333333333329,0.4791666666666665,0.47916666666666674,21.77,37.89,30.14,45.87
2000.8333333333333,2000,11,4006819,0,115,240,0.16,0.16666666666643945,0,0,1.5627385089838848e-38,0.16666666666689392,0.6666666666666665,16.87,34.02,25.61,42.25
2000.9166666666667,2000,12,4006819,0,70,133,0.36,0.479166666666951,0.020833333333390228,0,0,0.02083333333327648,0.4791666666663822,11.81,30.82,21.57,38.73
2001,2001,1,4663533,0,77,74,0.04,0.6666666666666666,0.16666666666666666,0,0,0,0.16666666666666666,11.17,28.21,19.97,40.75
2001.0833333333333,2001,2,4663533,0,36,55,0.66,0.47916666666695085,0.47916666666638247,0.02083333333327649,0,0,0.020833333333390176,12.39,31.87,22.62,39.52
2001.1666666666667,2001,3,4663533,0,16,99,1.04,0.16666666666643923,0.6666666666666665,0.16666666666689403,1.5678998430151447e-38,0,0,20.16,35.6,28.33,35.77
2001.25,2001,4,4663533,0,19,156,1,0.02083333333333332,0.4791666666666666,0.47916666666666663,0.02083333333333334,0,0,23.68,39.84,32.45,33.69
2001.3333333333333,2001,5,4663533,0,17,212,0.54,1.5661781376312937e-38,0.16666666666689398,0.6666666666666665,0.1666666666664393,0,0,27.44,40.82,34.76,48.36
2001.4166666666667,2001,6,4663533,0,12,354,10.62,0,0.020833333333276485,0.4791666666663823,0.4791666666669509,0.02083333333339019,0,26.57,35.29,31.34,64.63
2001.5,2001,7,4663533,0,35,638,3.45,0,0,0.1666666666666666,0.6666666666666667,0.16666666666666674,0,25.17,31.27,28.55,79.93
2001.5833333333333,2001,8,4663533,0,132,855,2.33,0,0,0.020833333333390155,0.47916666666695085,0.4791666666663825,0.0208333333332765,25.2,32.1,28.97,74.41
2001.6666666666667,2001,9,4663533,0,228,667,0.83,1.5696228097215656e-38,0,0,0.16666666666643917,0.6666666666666667,0.16666666666689411,25.35,36.16,31.11,58.05
2001.75,2001,10,4663533,0,152,284,0.62,0.020833333333333363,0,0,0.02083333333333329,0.4791666666666665,0.47916666666666674,22.27,37,29.91,51.7
2001.8333333333333,2001,11,4663533,0,150,152,2.17,0.16666666666643945,0,0,1.5627385089838848e-38,0.16666666666689392,0.6666666666666665,16.33,33.97,25.32,38.26
2001.9166666666667,2001,12,4663533,0,74,121,1.97,0.479166666666951,0.020833333333390228,0,0,0.02083333333327648,0.4791666666663822,11.8,31.01,21.66,44.74
2002,2002,1,4763233,0,55,143,0.16,0.6666666666666666,0.16666666666666666,0,0,0,0.16666666666666666,11.34,27.84,19.86,42.35
2002.0833333333333,2002,2,4763233,0,26,96,0.15,0.47916666666695085,0.47916666666638247,0.02083333333327649,0,0,0.020833333333390176,13.63,30.88,22.69,33.57
2002.1666666666667,2002,3,4763233,0,10,55,0,0.16666666666643923,0.6666666666666665,0.16666666666689403,1.5678998430151447e-38,0,0,20.31,36.52,28.9,30.7
2002.25,2002,4,4763233,0,17,157,0.5,0.02083333333333332,0.4791666666666666,0.47916666666666663,0.02083333333333334,0,0,24.56,40.76,33.36,29.76
2002.3333333333333,2002,5,4763233,0,3,162,0.35,1.5661781376312937e-38,0.16666666666689398,0.6666666666666665,0.1666666666664393,0,0,27.68,42.32,35.69,40.32
2002.4166666666667,2002,6,4763233,0,9,184,0.79,0,0.020833333333276485,0.4791666666663823,0.4791666666669509,0.02083333333339019,0,27.92,38.71,33.82,53.71
2002.5,2002,7,4763233,0,43,507,3.46,0,0,0.1666666666666666,0.6666666666666667,0.16666666666666674,0,26.2,34.68,30.9,60.42
2002.5833333333333,2002,8,4763233,0,93,878,1.37,0,0,0.020833333333390155,0.47916666666695085,0.4791666666663825,0.0208333333332765,24.96,32.51,29.09,69.78
2002.6666666666667,2002,9,4763233,0,155,819,0.62,1.5696228097215656e-38,0,0,0.16666666666643917,0.6666666666666667,0.16666666666689411,24.25,34.69,29.82,65.33
2002.75,2002,10,4763233,0,109,327,0.33,0.020833333333333363,0,0,0.02083333333333329,0.4791666666666665,0.47916666666666674,21.67,38.84,30.6,40.83
2002.8333333333333,2002,11,4763233,0,71,134,0.66,0.16666666666643945,0,0,1.5627385089838848e-38,0.16666666666689392,0.6666666666666665,15.93,34.63,25.46,39.16
2002.9166666666667,2002,12,4763233,0,60,138,0.81,0.479166666666951,0.020833333333390228,0,0,0.02083333333327648,0.4791666666663822,12.66,31.39,22.27,45.72
2003,2003,1,4865065,0,53,152,0.42,0.6666666666666666,0.16666666666666666,0,0,0,0.16666666666666666,14.02,29.35,21.94,37.89
2003.0833333333333,2003,2,4865065,0,19,145,0.25,0.47916666666695085,0.47916666666638247,0.02083333333327649,0,0,0.020833333333390176,16.55,31.31,24.3,41.54
2003.1666666666667,2003,3,4865065,0,13,104,0.92,0.16666666666643923,0.6666666666666665,0.16666666666689403,1.5678998430151447e-38,0,0,19.79,35.93,28.33,28.29
2003.25,2003,4,4865065,0,24,189,0.58,0.02083333333333332,0.4791666666666666,0.47916666666666663,0.02083333333333334,0,0,25.31,40.01,33.3,32.8
2003.3333333333333,2003,5,4865065,0,7,201,0.46,1.5661781376312937e-38,0.16666666666689398,0.6666666666666665,0.1666666666664393,0,0,27.3,41.6,35.12,36.39
2003.4166666666667,2003,6,4865065,0,21,308,1.79,0,0.020833333333276485,0.4791666666663823,0.4791666666669509,0.02083333333339019,0,27.58,38.82,33.72,53.28
2003.5,2003,7,4865065,0,19,611,1.41,0,0,0.1666666666666666,0.6666666666666667,0.16666666666666674,0,25.57,32.98,29.67,74.43
2003.5833333333333,2003,8,4865065,0,131,987,3.04,0,0,0.020833333333390155,0.47916666666695085,0.4791666666663825,0.0208333333332765,25.11,31.95,28.86,74.67
2003.6666666666667,2003,9,4865065,0,188,854,0.45,1.5696228097215656e-38,0,0,0.16666666666643917,0.6666666666666667,0.16666666666689411,24.65,32.63,28.92,69.46
2003.75,2003,10,4865065,0,241,407,0.37,0.020833333333333363,0,0,0.02083333333333329,0.4791666666666665,0.47916666666666674,20.56,35.67,28.42,44.06
2003.8333333333333,2003,11,4865065,0,213,225,0.46,0.16666666666643945,0,0,1.5627385089838848e-38,0.16666666666689392,0.6666666666666665,18.45,33.67,26.2,46.29
2003.9166666666667,2003,12,4865065,0,187,145,0.88,0.479166666666951,0.020833333333390228,0,0,0.02083333333327648,0.4791666666663822,12.53,29.31,21.14,47.82
2004,2004,1,4969074,0,120,82,0.33,0.6666666666666666,0.16666666666666666,0,0,0,0.16666666666666666,12.12,28.13,20.38,48.8
2004.0833333333333,2004,2,4969074,0,73,74,0.06,0.47916666666695085,0.47916666666638247,0.02083333333327649,0,0,0.020833333333390176,13.38,31.72,23.01,40.15
2004.1666666666667,2004,3,4969074,0,41,99,0.17,0.16666666666643923,0.6666666666666665,0.16666666666689403,1.5678998430151447e-38,0,0,20.05,38.56,29.85,27.68
2004.25,2004,4,4969074,0,25,198,0.66,0.02083333333333332,0.4791666666666666,0.47916666666666663,0.02083333333333334,0,0,25.12,40.46,33.45,39.89
2004.3333333333333,2004,5,4969074,0,20,277,0.58,1.5661781376312937e-38,0.16666666666689398,0.6666666666666665,0.1666666666664393,0,0,27.08,40.72,34.54,44.64
2004.4166666666667,2004,6,4969074,0,18,381,1.45,0,0.020833333333276485,0.4791666666663823,0.4791666666669509,0.02083333333339019,0,27.03,38.29,33.19,58.45
2004.5,2004,7,4969074,0,34,499,6.54,0,0,0.1666666666666666,0.6666666666666667,0.16666666666666674,0,26.23,34.99,31.09,69.28
2004.5833333333333,2004,8,4969074,0,187,1231,0.37,0,0,0.020833333333390155,0.47916666666695085,0.4791666666663825,0.0208333333332765,24.61,30.32,27.73,84.68
2004.6666666666667,2004,9,4969074,0,501,994,0.42,1.5696228097215656e-38,0,0,0.16666666666643917,0.6666666666666667,0.16666666666689411,25.37,35.11,30.57,66.39
2004.75,2004,10,4969074,0,334,652,0.37,0.020833333333333363,0,0,0.02083333333333329,0.4791666666666665,0.47916666666666674,21.08,34.25,27.91,58.05
2004.8333333333333,2004,11,4969074,0,607,373,0.33,0.16666666666643945,0,0,1.5627385089838848e-38,0.16666666666689392,0.6666666666666665,18.02,33.44,25.88,49
2004.9166666666667,2004,12,4969074,0,354,228,0.95,0.479166666666951,0.020833333333390228,0,0,0.02083333333327648,0.4791666666663822,14.33,29.89,22.32,53.52
2005,2005,1,5075306,0,173,168,0.08,0.6666666666666666,0.16666666666666666,0,0,0,0.16666666666666666,10.84,26.23,18.79,50.33
2005.0833333333333,2005,2,5075306,0,86,150,0,0.47916666666695085,0.47916666666638247,0.02083333333327649,0,0,0.020833333333390176,13.25,30.2,22.16,47.26
2005.1666666666667,2005,3,5075306,0,65,162,0.32,0.16666666666643923,0.6666666666666665,0.16666666666689403,1.5678998430151447e-38,0,0,20,35.37,28.15,41.56
2005.25,2005,4,5075306,0,42,195,0.77,0.02083333333333332,0.4791666666666666,0.47916666666666663,0.02083333333333334,0,0,21.98,39.66,31.58,24.59
2005.3333333333333,2005,5,5075306,0,46,297,0.78,1.5661781376312937e-38,0.16666666666689398,0.6666666666666665,0.1666666666664393,0,0,25.75,41.31,34.25,37.56
2005.4166666666667,2005,6,5075306,0,21,343,0.2,0,0.020833333333276485,0.4791666666663823,0.4791666666669509,0.02083333333339019,0,26.39,38.44,32.98,53.91
2005.5,2005,7,5075306,0,144,1014,1.62,0,0,0.1666666666666666,0.6666666666666667,0.16666666666666674,0,26.03,32.95,29.87,72.48
2005.5833333333333,2005,8,5075306,0,364,1542,1.7,0,0,0.020833333333390155,0.47916666666695085,0.4791666666663825,0.0208333333332765,23.87,31.71,28.16,73.07
2005.6666666666667,2005,9,5075306,0,570,1012,0.55,1.5696228097215656e-38,0,0,0.16666666666643917,0.6666666666666667,0.16666666666689411,24.38,32.31,28.62,77.78
2005.75,2005,10,5075306,0,528,493,0.27,0.020833333333333363,0,0,0.02083333333333329,0.4791666666666665,0.47916666666666674,20.15,34.85,27.78,61.2
2005.8333333333333,2005,11,5075306,0,486,292,0.21,0.16666666666643945,0,0,1.5627385089838848e-38,0.16666666666689392,0.6666666666666665,14.9,32.9,24.07,55.14
2005.9166666666667,2005,12,5075306,0,234,166,0.55,0.479166666666951,0.020833333333390228,0,0,0.02083333333327648,0.4791666666663822,10.83,28.16,19.72,53.18
2006,2006,1,5183809,0,91,85,0.03,0.6666666666666666,0.16666666666666666,0,0,0,0.16666666666666666,11.68,28.69,20.47,53.59
2006.0833333333333,2006,2,5183809,0,62,73,0.03,0.47916666666695085,0.47916666666638247,0.02083333333327649,0,0,0.020833333333390176,16.19,34.13,25.61,48.77
2006.1666666666667,2006,3,5183809,0,68,120,0.37,0.16666666666643923,0.6666666666666665,0.16666666666689403,1.5678998430151447e-38,0,0,18.51,34.4,26.93,41.72
2006.25,2006,4,5183809,0,22,201,0.15,0.02083333333333332,0.4791666666666666,0.47916666666666663,0.02083333333333334,0,0,23.62,38.83,31.88,43.51
2006.3333333333333,2006,5,5183809,0,13,313,0.2,1.5661781376312937e-38,0.16666666666689398,0.6666666666666665,0.1666666666664393,0,0,27.03,41.44,34.91,50.53
2006.4166666666667,2006,6,5183809,0,43,368,0.82,0,0.020833333333276485,0.4791666666663823,0.4791666666669509,0.02083333333339019,0,27.15,38.11,33.14,62.14
2006.5,2006,7,5183809,0,196,652,0.32,0,0,0.1666666666666666,0.6666666666666667,0.16666666666666674,0,25.51,32.19,29.21,80.23
2006.5833333333333,2006,8,5183809,0,466,1106,0.41,0,0,0.020833333333390155,0.47916666666695085,0.4791666666663825,0.0208333333332765,24.79,30.44,27.88,82.8
2006.6666666666667,2006,9,5183809,0,429,540,0.05,1.5696228097215656e-38,0,0,0.16666666666643917,0.6666666666666667,0.16666666666689411,25.47,33.99,30.02,71.1
2006.75,2006,10,5183809,0,333,162,0.17,0.020833333333333363,0,0,0.02083333333333329,0.4791666666666665,0.47916666666666674,22.31,36.38,29.62,56.44
2006.8333333333333,2006,11,5183809,0,315,150,0.05,0.16666666666643945,0,0,1.5627385089838848e-38,0.16666666666689392,0.6666666666666665,17.35,33.3,25.48,52.98
2006.9166666666667,2006,12,5183809,0,179,67,0.22,0.479166666666951,0.020833333333390228,0,0,0.02083333333327648,0.4791666666663822,14.6,30.14,22.58,56.15
2007,2007,1,5294632,0,59,47,0,0.6666666666666666,0.16666666666666666,0,0,0,0.16666666666666666,13.07,29.06,21.33,50.15
2007.0833333333333,2007,2,5294632,0,29,32,0.17,0.47916666666695085,0.47916666666638247,0.02083333333327649,0,0,0.020833333333390176,16.57,31.9,24.62,48.89
2007.1666666666667,2007,3,5294632,0,37,65,0.27,0.16666666666643923,0.6666666666666665,0.16666666666689403,1.5678998430151447e-38,0,0,19.29,35.93,28.1,36.93
2007.25,2007,4,5294632,0,27,130,0.47,0.02083333333333332,0.4791666666666666,0.47916666666666663,0.02083333333333334,0,0,24.66,41.5,33.8,35.79
2007.3333333333333,2007,5,5294632,0,16,195,0.32,1.5661781376312937e-38,0.16666666666689398,0.6666666666666665,0.1666666666664393,0,0,27.85,42.13,35.66,45.13
2007.4166666666667,2007,6,5294632,0,19,260,0.21,0,0.020833333333276485,0.4791666666663823,0.4791666666669509,0.02083333333339019,0,28.06,38.93,34,58.38
2007.5,2007,7,5294632,0,34,399,0.98,0,0,0.1666666666666666,0.6666666666666667,0.16666666666666674,0,26.11,32.77,29.8,76.53
2007.5833333333333,2007,8,5294632,0,273,766,0.44,0,0,0.020833333333390155,0.47916666666695085,0.4791666666663825,0.0208333333332765,25.28,32.04,28.98,79.79
2007.6666666666667,2007,9,5294632,0,672,664,0.43,1.5696228097215656e-38,0,0,0.16666666666643917,0.6666666666666667,0.16666666666689411,25.34,33.3,29.59,76.87
2007.75,2007,10,5294632,0,499,394,0.1,0.020833333333333363,0,0,0.02083333333333329,0.4791666666666665,0.47916666666666674,20.07,35.1,27.89,58.22
2007.8333333333333,2007,11,5294632,0,278,102,0.29,0.16666666666643945,0,0,1.5627385089838848e-38,0.16666666666689392,0.6666666666666665,16.71,33.54,25.28,52.33
2007.9166666666667,2007,12,5294632,0,161,71,0.31,0.479166666666951,0.020833333333390228,0,0,0.02083333333327648,0.4791666666663822,13.85,28.6,21.42,55.58
2008,2008,1,5407823,0,44,37,0.04,0.6666666666666666,0.16666666666666666,0,0,0,0.16666666666666666,11.7,26.89,19.54,49.89
2008.0833333333333,2008,2,5407823,0,24,44,0.02,0.47916666666695085,0.47916666666638247,0.02083333333327649,0,0,0.020833333333390176,10.9,28.7,20.25,42.96
2008.1666666666667,2008,3,5407823,0,22,79,0.1,0.16666666666643923,0.6666666666666665,0.16666666666689403,1.5678998430151447e-38,0,0,19.48,36.5,28.49,39.34
2008.25,2008,4,5407823,0,20,148,0,0.02083333333333332,0.4791666666666666,0.47916666666666663,0.02083333333333334,0,0,23.29,38.88,31.76,39.52
2008.3333333333333,2008,5,5407823,0,15,292,0.08,1.5661781376312937e-38,0.16666666666689398,0.6666666666666665,0.1666666666664393,0,0,26.37,40.68,34.19,45.99
2008.4166666666667,2008,6,5407823,0,6,330,0.1,0,0.020833333333276485,0.4791666666663823,0.4791666666669509,0.02083333333339019,0,26.84,37.09,32.45,60.62
2008.5,2008,7,5407823,0,67,688,0.31,0,0,0.1666666666666666,0.6666666666666667,0.16666666666666674,0,25.55,33.45,29.93,72.74
2008.5833333333333,2008,8,5407823,0,288,1124,0.08,0,0,0.020833333333390155,0.47916666666695085,0.4791666666663825,0.0208333333332765,25,31.45,28.52,79.22
2008.6666666666667,2008,9,5407823,0,381,728,0.04,1.5696228097215656e-38,0,0,0.16666666666643917,0.6666666666666667,0.16666666666689411,25.23,33.79,29.8,74.39
2008.75,2008,10,5407823,0,293,304,0.02,0.020833333333333363,0,0,0.02083333333333329,0.4791666666666665,0.47916666666666674,21.95,35.98,29.24,57.42
2008.8333333333333,2008,11,5407823,0,173,146,0.06,0.16666666666643945,0,0,1.5627385089838848e-38,0.16666666666689392,0.6666666666666665,17.08,32.81,25.1,48.69
2008.9166666666667,2008,12,5407823,0,66,56,0.07,0.479166666666951,0.020833333333390228,0,0,0.02083333333327648,0.4791666666663822,16.61,30.56,23.77,57.83
2009,2009,1,5523436,0,49,40,0.02,0.6666666666666666,0.16666666666666666,0,0,0,0.16666666666666666,14.98,28.73,22.08,57.14
2009.0833333333333,2009,2,5523436,0,25,48,0.02,0.47916666666695085,0.47916666666638247,0.02083333333327649,0,0,0.020833333333390176,15.98,32.42,24.61,46.96
2009.1666666666667,2009,3,5523436,0,20,206,0.06,0.16666666666643923,0.6666666666666665,0.16666666666689403,1.5678998430151447e-38,0,0,21.34,37.04,29.65,34.49
2009.25,2009,4,5523436,0,22,263,0,0.02083333333333332,0.4791666666666666,0.47916666666666663,0.02083333333333334,0,0,24.28,40.41,33.04,27.4
2009.3333333333333,2009,5,5523436,0,8,243,0.08,1.5661781376312937e-38,0.16666666666689398,0.6666666666666665,0.1666666666664393,0,0,27.37,41.84,35.28,45.82
2009.4166666666667,2009,6,5523436,0,6,333,0.19,0,0.020833333333276485,0.4791666666663823,0.4791666666669509,0.02083333333339019,0,28.19,40.09,34.7,53.39
2009.5,2009,7,5523436,0,8,390,0.54,0,0,0.1666666666666666,0.6666666666666667,0.16666666666666674,0,25.98,34.24,30.56,74.18
2009.5833333333333,2009,8,5523436,0,210,1157,0.19,0,0,0.020833333333390155,0.47916666666695085,0.4791666666663825,0.0208333333332765,25.21,34.33,30.2,70.6
2009.6666666666667,2009,9,5523436,0,145,1115,0.27,1.5696228097215656e-38,0,0,0.16666666666643917,0.6666666666666667,0.16666666666689411,25.25,35.32,30.63,66.12
2009.75,2009,10,5523436,0,146,448,0.1,0.020833333333333363,0,0,0.02083333333333329,0.4791666666666665,0.47916666666666674,21.87,36.11,29.26,48.92
2009.8333333333333,2009,11,5523436,0,255,297,0.13,0.16666666666643945,0,0,1.5627385089838848e-38,0.16666666666689392,0.6666666666666665,17.61,32.56,25.24,48.09
2009.9166666666667,2009,12,5523436,0,128,115,0.14,0.479166666666951,0.020833333333390228,0,0,0.02083333333327648,0.4791666666663822,14.88,30.12,22.7,51.2
2010,2010,1,5641520,0,29,54,0.06,0.6666666666666666,0.16666666666666666,0,0,0,0.16666666666666666,13.28,29.13,21.47,45.75
2010.0833333333333,2010,2,5641520,0,6,52,0,0.47916666666695085,0.47916666666638247,0.02083333333327649,0,0,0.020833333333390176,15.38,32.17,24.2,38.72
2010.1666666666667,2010,3,5641520,0,22,137,0.06,0.16666666666643923,0.6666666666666665,0.16666666666689403,1.5678998430151447e-38,0,0,21.4,38.11,30.25,31.5
2010.25,2010,4,5641520,0,30,220,0.13,0.02083333333333332,0.4791666666666666,0.47916666666666663,0.02083333333333334,0,0,25.64,41.81,34.42,34.76
2010.3333333333333,2010,5,5641520,0,13,267,0.13,1.5661781376312937e-38,0.16666666666689398,0.6666666666666665,0.1666666666664393,0,0,28.8,43.79,36.99,33.9
2010.4166666666667,2010,6,5641520,0,21,400,0.19,0,0.020833333333276485,0.4791666666663823,0.4791666666669509,0.02083333333339019,0,28.62,39.79,34.73,49.64
2010.5,2010,7,5641520,0,25,423,0.38,0,0,0.1666666666666666,0.6666666666666667,0.16666666666666674,0,25.74,33.55,30.07,74.18
2010.5833333333333,2010,8,5641520,0,207,1288,0.17,0,0,0.020833333333390155,0.47916666666695085,0.4791666666663825,0.0208333333332765,25.52,32.82,29.51,78.96
2010.6666666666667,2010,9,5641520,0,410,1245,0.08,1.5696228097215656e-38,0,0,0.16666666666643917,0.6666666666666667,0.16666666666689411,24.76,33.5,29.42,71.45
2010.75,2010,10,5641520,0,378,690,0.15,0.020833333333333363,0,0,0.02083333333333329,0.4791666666666665,0.47916666666666674,23.01,35.81,29.67,54.13
2010.8333333333333,2010,11,5641520,0,364,324,0.08,0.16666666666643945,0,0,1.5627385089838848e-38,0.16666666666689392,0.6666666666666665,19.84,30.95,25.51,63.11
2010.9166666666667,2010,12,5641520,0,415,173,0.12,0.479166666666951,0.020833333333390228,0,0,0.02083333333327648,0.4791666666663822,12.97,29.87,21.64,57.43
2011,2011,1,5762128,0,62,60,0.04,0.6666666666666666,0.16666666666666666,0,0,0,0.16666666666666666,11.27,30.17,21.03,49.61
2011.0833333333333,2011,2,5762128,0,27,62,0.1,0.47916666666695085,0.47916666666638247,0.02083333333327649,0,0,0.020833333333390176,15.48,33.5,24.94,48.53
2011.1666666666667,2011,3,5762128,0,32,136,0.08,0.16666666666643923,0.6666666666666665,0.16666666666689403,1.5678998430151447e-38,0,0,19.47,38.25,29.41,33.8
2011.25,2011,4,5762128,0,11,260,0.23,0.02083333333333332,0.4791666666666666,0.47916666666666663,0.02083333333333334,0,0,24.01,40.26,32.84,29.07
2011.3333333333333,2011,5,5762128,0,5,428,0.17,1.5661781376312937e-38,0.16666666666689398,0.6666666666666665,0.1666666666664393,0,0,27.52,41.39,35.1,43.46
2011.4166666666667,2011,6,5762128,0,7,579,0.15,0,0.020833333333276485,0.4791666666663823,0.4791666666669509,0.02083333333339019,0,29,39.28,34.62,52.32
2011.5,2011,7,5762128,0,53,799,0.79,0,0,0.1666666666666666,0.6666666666666667,0.16666666666666674,0,26.2,34.49,30.79,74.26
2011.5833333333333,2011,8,5762128,0,590,2882,0.19,0,0,0.020833333333390155,0.47916666666695085,0.4791666666663825,0.0208333333332765,25.45,32.09,29.08,83.71
2011.6666666666667,2011,9,5762128,0,1142,2670,0.08,1.5696228097215656e-38,0,0,0.16666666666643917,0.6666666666666667,0.16666666666689411,24.71,33,29.13,81.41
2011.75,2011,10,5762128,0,905,1249,0,0.020833333333333363,0,0,0.02083333333333329,0.4791666666666665,0.47916666666666674,21.92,36.37,29.43,55.95
2011.8333333333333,2011,11,5762128,0,542,521,0.02,0.16666666666643945,0,0,1.5627385089838848e-38,0.16666666666689392,0.6666666666666665,19.53,34.73,27.27,50.85
2011.9166666666667,2011,12,5762128,0,282,227,0.15,0.479166666666951,0.020833333333390228,0,0,0.02083333333327648,0.4791666666663822,14.36,30.85,22.83,51.58
2012,2012,1,5885315,0,86,131,0,0.6666666666666666,0.16666666666666666,0,0,0,0.16666666666666666,11.67,27.35,19.77,48.56
2012.0833333333333,2012,2,5885315,0,22,139,0,0.47916666666695085,0.47916666666638247,0.02083333333327649,0,0,0.020833333333390176,13.17,30.52,22.28,39.29
2012.1666666666667,2012,3,5885315,0,11,413,0.02,0.16666666666643923,0.6666666666666665,0.16666666666689403,1.5678998430151447e-38,0,0,17.99,36.21,27.64,33.2
2012.25,2012,4,5885315,0,18,921,0,0.02083333333333332,0.4791666666666666,0.47916666666666663,0.02083333333333334,0,0,24.82,40.7,33.44,37.01
2012.3333333333333,2012,5,5885315,0,32,1563,0,1.5661781376312937e-38,0.16666666666689398,0.6666666666666665,0.1666666666664393,0,0,27.15,42.49,35.54,44.86
2012.4166666666667,2012,6,5885315,0,29,1832,0.02,0,0.020833333333276485,0.4791666666663823,0.4791666666669509,0.02083333333339019,0,28,40.45,34.81,54.48
2012.5,2012,7,5885315,0,66,2076,0.63,0,0,0.1666666666666666,0.6666666666666667,0.16666666666666674,0,26.86,35.4,31.59,69.83
2012.5833333333333,2012,8,5885315,0,616,4701,0,0,0,0.020833333333390155,0.47916666666695085,0.4791666666663825,0.0208333333332765,25.61,33.29,29.81,75.01
2012.6666666666667,2012,9,5885315,0,866,2581,0,1.5696228097215656e-38,0,0,0.16666666666643917,0.6666666666666667,0.16666666666689411,24.77,33.83,29.61,74.75
2012.75,2012,10,5885315,0,632,959,0,0.020833333333333363,0,0,0.02083333333333329,0.4791666666666665,0.47916666666666674,21.05,37.13,29.4,56.25
2012.8333333333333,2012,11,5885315,0,377,419,0,0.16666666666643945,0,0,1.5627385089838848e-38,0.16666666666689392,0.6666666666666665,14.96,33.14,24.22,53.77
2012.9166666666667,2012,12,5885315,0,143,143,0.06,0.479166666666951,0.020833333333390228,0,0,0.02083333333327648,0.4791666666663822,14.11,30.43,22.49,53.19
2013,2013,1,6011136,0,16,100,0,0.6666666666666666,0.16666666666666666,0,0,0,0.16666666666666666,11.24,27.65,19.71,45.91
2013.0833333333333,2013,2,6011136,0,15,148,0,0.47916666666695085,0.47916666666638247,0.02083333333327649,0,0,0.020833333333390176,15.21,30.94,23.48,45.82
2013.1666666666667,2013,3,6011136,0,15,279,0,0.16666666666643923,0.6666666666666665,0.16666666666689403,1.5678998430151447e-38,0,0,19.36,36.69,28.53,36.8
2013.25,2013,4,6011136,0,20,486,0,0.02083333333333332,0.4791666666666666,0.47916666666666663,0.02083333333333334,0,0,23.84,39.29,32.23,38.74
2013.3333333333333,2013,5,6011136,0,7,616,0.02,1.5661781376312937e-38,0.16666666666689398,0.6666666666666665,0.1666666666664393,0,0,27.49,43.37,36.17,39.85
2013.4166666666667,2013,6,6011136,0,28,727,0.36,0,0.020833333333276485,0.4791666666663823,0.4791666666669509,0.02083333333339019,0,27.03,36.95,32.46,64.76
2013.5,2013,7,6011136,0,108,1615,0.35,0,0,0.1666666666666666,0.6666666666666667,0.16666666666666674,0,25.21,32.11,29.03,82.49
2013.5833333333333,2013,8,6011136,0,242,1409,0.25,0,0,0.020833333333390155,0.47916666666695085,0.4791666666663825,0.0208333333332765,25.19,31.94,28.88,80.48
2013.6666666666667,2013,9,6011136,0,196,697,0.02,1.5696228097215656e-38,0,0,0.16666666666643917,0.6666666666666667,0.16666666666689411,25.36,34.97,30.5,72.76
2013.75,2013,10,6011136,0,147,268,0.04,0.020833333333333363,0,0,0.02083333333333329,0.4791666666666665,0.47916666666666674,22,33.88,28.17,70.97
2013.8333333333333,2013,11,6011136,0,159,152,0.02,0.16666666666643945,0,0,1.5627385089838848e-38,0.16666666666689392,0.6666666666666665,16.59,32.05,24.46,54.21
2013.9166666666667,2013,12,6011136,0,32,51,0.09,0.479166666666951,0.020833333333390228,0,0,0.02083333333327648,0.4791666666663822,12.18,29.16,20.89,55.87
2014,2014,1,6139645,0,10,35,0,0.6666666666666666,0.16666666666666666,0,0,0,0.16666666666666666,12.25,26.65,19.68,58.27
2014.0833333333333,2014,2,6139645,0,6,94,0,0.47916666666695085,0.47916666666638247,0.02083333333327649,0,0,0.020833333333390176,14.75,29.95,22.73,47.2
2014.1666666666667,2014,3,6139645,0,6,147,0.04,0.16666666666643923,0.6666666666666665,0.16666666666689403,1.5678998430151447e-38,0,0,19.01,35.35,27.66,37.58
2014.25,2014,4,6139645,0,9,302,0.02,0.02083333333333332,0.4791666666666666,0.47916666666666663,0.02083333333333334,0,0,24.35,40.51,33.12,36.14
2014.3333333333333,2014,5,6139645,0,5,522,0.04,1.5661781376312937e-38,0.16666666666689398,0.6666666666666665,0.1666666666664393,0,0,28.25,42.64,36.12,38.46
2014.4166666666667,2014,6,6139645,0,3,282,0,0,0.020833333333276485,0.4791666666663823,0.4791666666669509,0.02083333333339019,0,29.87,41.75,36.37,48.28
2014.5,2014,7,6139645,0,5,227,0,0,0,0.1666666666666666,0.6666666666666667,0.16666666666666674,0,27.39,36.1,32.22,66.52
2014.5833333333333,2014,8,6139645,0,80,495,0.25,0,0,0.020833333333390155,0.47916666666695085,0.4791666666663825,0.0208333333332765,26.35,33.94,30.5,75.7
2014.6666666666667,2014,9,6139645,0,111,637,0.13,1.5696228097215656e-38,0,0,0.16666666666643917,0.6666666666666667,0.16666666666689411,25.44,32.88,29.41,79.6
2014.75,2014,10,6139645,0,77,197,0.13,0.020833333333333363,0,0,0.02083333333333329,0.4791666666666665,0.47916666666666674,22.89,37.32,30.39,57.44
2014.8333333333333,2014,11,6139645,0,83,157,0.23,0.16666666666643945,0,0,1.5627385089838848e-38,0.16666666666689392,0.6666666666666665,19.7,34.73,27.36,54.04
2014.9166666666667,2014,12,6139645,0,91,76,0.07,0.479166666666951,0.020833333333390228,0,0,0.02083333333327648,0.4791666666663822,12.64,28.97,21.03,48.06
2015,2015,1,6249780,0,47,60,0,0.6666666666666666,0.16666666666666666,0,0,0,0.16666666666666666,12.4,27.02,19.95,57.08
2015.0833333333333,2015,2,6249780,0,10,36,0,0.47916666666695085,0.47916666666638247,0.02083333333327649,0,0,0.020833333333390176,16.08,32.63,24.77,45.44
2015.1666666666667,2015,3,6249780,0,9,74,0,0.16666666666643923,0.6666666666666665,0.16666666666689403,1.5678998430151447e-38,0,0,19.83,35.68,28.22,41.52
2015.25,2015,4,6249780,0,10,170,0,0.02083333333333332,0.4791666666666666,0.47916666666666663,0.02083333333333334,0,0,24.27,39.83,32.72,41.59
2015.3333333333333,2015,5,6249780,0,12,354,0,1.5661781376312937e-38,0.16666666666689398,0.6666666666666665,0.1666666666664393,0,0,28.01,44.58,37.06,38.83
2015.4166666666667,2015,6,6249780,0,12,348,0,0,0.020833333333276485,0.4791666666663823,0.4791666666669509,0.02083333333339019,0,28.31,38.89,34.09,57.04
2015.5,2015,7,6249780,0,86,880,0,0,0,0.1666666666666666,0.6666666666666667,0.16666666666666674,0,27.11,35.1,31.54,66.91
2015.5833333333333,2015,8,6249780,0,179,1404,0,0,0,0.020833333333390155,0.47916666666695085,0.4791666666663825,0.0208333333332765,26.25,34.37,30.69,70.16
2015.6666666666667,2015,9,6249780,0,374,1778,0,1.5696228097215656e-38,0,0,0.16666666666643917,0.6666666666666667,0.16666666666689411,25.46,35.84,31.01,65.21
2015.75,2015,10,6249780,0,252,655,0,0.020833333333333363,0,0,0.02083333333333329,0.4791666666666665,0.47916666666666674,22.67,38.03,30.66,52.16
2015.8333333333333,2015,11,6249780,0,163,222,0,0.16666666666643945,0,0,1.5627385089838848e-38,0.16666666666689392,0.6666666666666665,18.55,34.64,26.75,47.81
2015.9166666666667,2015,12,6249780,0,123,96,0,0.479166666666951,0.020833333333390228,0,0,0.02083333333327648,0.4791666666663822,12.1,30.06,21.32,44.65
2016,2016,1,6359914,0,18,38,0,0.6666666666666666,0.16666666666666666,0,0,0,0.16666666666666666,12.28,29.9,21.38,53.04
2016.0833333333333,2016,2,6359914,0,5,72,0,0.47916666666695085,0.47916666666638247,0.02083333333327649,0,0,0.020833333333390176,14.85,32.12,23.92,40.77
2016.1666666666667,2016,3,6359914,0,13,171,0,0.16666666666643923,0.6666666666666665,0.16666666666689403,1.5678998430151447e-38,0,0,21.3,37.42,29.84,33.96
2016.25,2016,4,6359914,0,17,326,0,0.02083333333333332,0.4791666666666666,0.47916666666666663,0.02083333333333334,0,0,25.1,40.24,33.33,35.72
2016.3333333333333,2016,5,6359914,0,13,588,0,1.5661781376312937e-38,0.16666666666689398,0.6666666666666665,0.1666666666664393,0,0,29.01,44.19,37.31,39.91
2016.4166666666667,2016,6,6359914,0,4,544,0,0,0.020833333333276485,0.4791666666663823,0.4791666666669509,0.02083333333339019,0,29.22,40.58,35.43,50.24
2016.5,2016,7,6359914,0,25,783,0,0,0,0.1666666666666666,0.6666666666666667,0.16666666666666674,0,26.46,33.61,30.42,73.47
2016.5833333333333,2016,8,6359914,0,459,2934,0,0,0,0.020833333333390155,0.47916666666695085,0.4791666666663825,0.0208333333332765,25.34,31.31,28.61,81.83
2016.6666666666667,2016,9,6359914,0,336,2343,0,1.5696228097215656e-38,0,0,0.16666666666643917,0.6666666666666667,0.16666666666689411,24.9,33.46,29.47,72.71
2016.75,2016,10,6359914,0,372,809,0,0.020833333333333363,0,0,0.02083333333333329,0.4791666666666665,0.47916666666666674,22.24,33.24,27.94,67.65
2016.8333333333333,2016,11,6359914,0,456,532,0,0.16666666666643945,0,0,1.5627385089838848e-38,0.16666666666689392,0.6666666666666665,15.26,33.05,24.32,52.66
2016.9166666666667,2016,12,6359914,0,100,128,0,0.479166666666951,0.020833333333390228,0,0,0.02083333333327648,0.4791666666663822,13.76,30.87,22.54,53.37
2017,2017,1,6359914,0,34,72,0,0.6666666666666666,0.16666666666666666,0,0,0,0.16666666666666666,13.52,28.25,21.13,52.85
2017.0833333333333,2017,2,6359914,0,17,138,0,0.47916666666695085,0.47916666666638247,0.02083333333327649,0,0,0.020833333333390176,15.82,32.19,24.42,42.62
2017.1666666666667,2017,3,6359914,0,19,279,0,0.16666666666643923,0.6666666666666665,0.16666666666689403,1.5678998430151447e-38,0,0,20.06,36.27,28.65,31.43
2017.25,2017,4,6359914,0,10,615,0,0.02083333333333332,0.4791666666666666,0.47916666666666663,0.02083333333333334,0,0,23.57,39.97,32.48,36.31
2017.3333333333333,2017,5,6359914,0,7,1024,0,1.5661781376312937e-38,0.16666666666689398,0.6666666666666665,0.1666666666664393,0,0,27.73,42.18,35.63,41.07
2017.4166666666667,2017,6,6359914,0,6,991,0,0,0.020833333333276485,0.4791666666663823,0.4791666666669509,0.02083333333339019,0,27.95,38.76,33.86,59.22
2017.5,2017,7,6359914,0,85,1150,0,0,0,0.1666666666666666,0.6666666666666667,0.16666666666666674,0,24.82,31.2,28.36,84.63
2017.5833333333333,2017,8,6359914,0,336,2123,0,0,0,0.020833333333390155,0.47916666666695085,0.4791666666663825,0.0208333333332765,25.33,32.68,29.35,78.55
2017.6666666666667,2017,9,6359914,0,268,1137,0,1.5696228097215656e-38,0,0,0.16666666666643917,0.6666666666666667,0.16666666666689411,24.94,33.87,29.71,75.43
2017.75,2017,10,6359914,0,265,812,0,0.020833333333333363,0,0,0.02083333333333329,0.4791666666666665,0.47916666666666674,21.74,36.69,29.51,54.72
2017.8333333333333,2017,11,6359914,0,163,475,0,0.16666666666643945,0,0,1.5627385089838848e-38,0.16666666666689392,0.6666666666666665,16.4,32.15,24.43,54.63
2017.9166666666667,2017,12,6359914,0,57,122,0,0.479166666666951,0.020833333333390228,0,0,0.02083333333327648,0.4791666666663822,14.73,27.68,21.38,56.59
2018,2018,1,6171837,0,21,50,0,0.6666666666666666,0.16666666666666666,0,0,0,0.16666666666666666,12.64,28.9,21.04,52.81
2018.0833333333333,2018,2,6171837,0,10,52,0,0.47916666666695085,0.47916666666638247,0.02083333333327649,0,0,0.020833333333390176,15.4,32.88,24.59,46.37
2018.1666666666667,2018,3,6171837,0,15,124,0,0.16666666666643923,0.6666666666666665,0.16666666666689403,1.5678998430151447e-38,0,0,19.92,38.32,29.67,32.69
2018.25,2018,4,6171837,0,22,306,0,0.02083333333333332,0.4791666666666666,0.47916666666666663,0.02083333333333334,0,0,23.97,42.17,33.86,32.68
2018.3333333333333,2018,5,6171837,0,4,455,0,1.5661781376312937e-38,0.16666666666689398,0.6666666666666665,0.1666666666664393,0,0,27.69,45.03,37.17,40.38
2018.4166666666667,2018,6,6171837,0,3,467,0,0,0.020833333333276485,0.4791666666663823,0.4791666666669509,0.02083333333339019,0,28.72,41.63,35.78,52.61
2018.5,2018,7,6171837,0,28,629,0,0,0,0.1666666666666666,0.6666666666666667,0.16666666666666674,0,25.84,33.29,29.97,77.91
2018.5833333333333,2018,8,6171837,0,309,2140,0,0,0,0.020833333333390155,0.47916666666695085,0.4791666666663825,0.0208333333332765,24.92,32.71,29.19,76.9
2018.6666666666667,2018,9,6171837,0,138,974,0,1.5696228097215656e-38,0,0,0.16666666666643917,0.6666666666666667,0.16666666666689411,23.83,34.09,29.3,70.44
2018.75,2018,10,6171837,0,89,389,0,0.020833333333333363,0,0,0.02083333333333329,0.4791666666666665,0.47916666666666674,21.97,38.81,30.72,49.55
2018.8333333333333,2018,11,6171837,0,40,167,0,0.16666666666643945,0,0,1.5627385089838848e-38,0.16666666666689392,0.6666666666666665,17.19,34.89,26.2,47.28
2018.9166666666667,2018,12,6171837,0,31,48,0,0.479166666666951,0.020833333333390228,0,0,0.02083333333327648,0.4791666666663822,12.04,27.96,20.21,46.24
2019,2019,1,6253624,0,4,25,NA,0.6666666666666666,0.16666666666666666,0,0,0,0.16666666666666666,10.79,27.34,19.33,45.34
2019.0833333333333,2019,2,6253624,0,2,29,NA,0.47916666666695085,0.47916666666638247,0.02083333333327649,0,0,0.020833333333390176,13.64,29.47,21.95,44.63
2019.1666666666667,2019,3,6253624,0,3,76,NA,0.16666666666643923,0.6666666666666665,0.16666666666689403,1.5678998430151447e-38,0,0,18.75,35.18,27.45,34.1
2019.25,2019,4,6253624,0,16,223,NA,0.02083333333333332,0.4791666666666666,0.47916666666666663,0.02083333333333334,0,0,24.75,41.56,33.88,30.98
2019.3333333333333,2019,5,6253624,0,13,395,NA,1.5661781376312937e-38,0.16666666666689398,0.6666666666666665,0.1666666666664393,0,0,27.47,42.25,35.55,40.5
2019.4166666666667,2019,6,6253624,0,7,383,NA,0,0.020833333333276485,0.4791666666663823,0.4791666666669509,0.02083333333339019,0,27.95,39.49,34.26,58.71
2019.5,2019,7,6253624,0,20,857,NA,0,0,0.1666666666666666,0.6666666666666667,0.16666666666666674,0,27.12,36.36,32.25,66.7
2019.5833333333333,2019,8,6253624,0,12,832,NA,0,0,0.020833333333390155,0.47916666666695085,0.4791666666663825,0.0208333333332765,25.61,31.68,28.93,82.34
2019.6666666666667,2019,9,6253624,0,32,616,NA,1.5696228097215656e-38,0,0,0.16666666666643917,0.6666666666666667,0.16666666666689411,25.32,32.29,29.05,84.62
2019.75,2019,10,6253624,0,33,374,NA,0.020833333333333363,0,0,0.02083333333333329,0.4791666666666665,0.47916666666666674,22.56,34.13,28.58,66.27
2019.8333333333333,2019,11,6253624,0,42,211,NA,0.16666666666643945,0,0,1.5627385089838848e-38,0.16666666666689392,0.6666666666666665,20.71,32.05,26.48,66.24
2019.9166666666667,2019,12,6253624,0,20,81,NA,0.479166666666951,0.020833333333390228,0,0,0.02083333333327648,0.4791666666663822,14.69,27.25,21.13,56.81
2020,2020,1,6658950,0,6,18,NA,0.6666666666666666,0.16666666666666666,0,0,0,0.16666666666666666,11.92,25.72,19.04,58.46
2020.0833333333333,2020,2,6658950,0,0,20,NA,0.47916666666695085,0.47916666666638247,0.02083333333327649,0,0,0.020833333333390176,15.01,30.9,23.35,43.69
2020.1666666666667,2020,3,6658950,0,1,28,NA,0.16666666666643923,0.6666666666666665,0.16666666666689403,1.5678998430151447e-38,0,0,18.96,33.77,26.81,42.51
2020.25,2020,4,6658950,0,0,31,NA,0.02083333333333332,0.4791666666666666,0.47916666666666663,0.02083333333333334,0,0,24.95,40.94,33.63,33.79
2020.3333333333333,2020,5,6658950,0,0,31,NA,1.5661781376312937e-38,0.16666666666689398,0.6666666666666665,0.1666666666664393,0,0,28.36,43.55,36.66,36.96
2020.4166666666667,2020,6,6658950,0,0,29,NA,0,0.020833333333276485,0.4791666666663823,0.4791666666669509,0.02083333333339019,0,26.76,37.34,32.54,65.84
2020.5,2020,7,6658950,0,1,44,NA,0,0,0.1666666666666666,0.6666666666666667,0.16666666666666674,0,26.52,35.25,31.36,74.97
2020.5833333333333,2020,8,6658950,0,9,109,NA,0,0,0.020833333333390155,0.47916666666695085,0.4791666666663825,0.0208333333332765,25.6,31.52,28.84,87.26
2020.6666666666667,2020,9,6658950,0,18,126,NA,1.5696228097215656e-38,0,0,0.16666666666643917,0.6666666666666667,0.16666666666689411,26.3,35.87,31.41,77.52
2020.75,2020,10,6658950,0,15,135,NA,0.020833333333333363,0,0,0.02083333333333329,0.4791666666666665,0.47916666666666674,23.29,36.78,30.3,55.21
2020.8333333333333,2020,11,6658950,0,9,35,NA,0.16666666666643945,0,0,1.5627385089838848e-38,0.16666666666689392,0.6666666666666665,16.01,32.3,24.31,50.61
2020.9166666666667,2020,12,6658950,0,4,12,NA,0.479166666666951,0.020833333333390228,0,0,0.02083333333327648,0.4791666666663822,14.04,28.85,21.64,54.71
2021,2021,1,6799369,0,0,13,NA,0.6666666666666666,0.16666666666666666,0,0,0,0.16666666666666666,12.64,27.7,20.42,56.19
2021.0833333333333,2021,2,6799369,0,1,7,NA,0.47916666666695085,0.47916666666638247,0.02083333333327649,0,0,0.020833333333390176,15.24,32.8,24.46,44.12
2021.1666666666667,2021,3,6799369,0,1,11,NA,0.16666666666643923,0.6666666666666665,0.16666666666689403,1.5678998430151447e-38,0,0,20.29,38.78,30.09,34.47
2021.25,2021,4,6799369,0,0,4,NA,0.02083333333333332,0.4791666666666666,0.47916666666666663,0.02083333333333334,0,0,25.01,41.98,34.23,31.71
2021.3333333333333,2021,5,6799369,0,0,6,NA,1.5661781376312937e-38,0.16666666666689398,0.6666666666666665,0.1666666666664393,0,0,27.5,40.42,34.57,50.97
2021.4166666666667,2021,6,6799369,0,1,41,NA,0,0.020833333333276485,0.4791666666663823,0.4791666666669509,0.02083333333339019,0,26.96,36.85,32.37,65.79
2021.5,2021,7,6799369,0,9,136,NA,0,0,0.1666666666666666,0.6666666666666667,0.16666666666666674,0,26.63,34.31,30.89,74.62
2021.5833333333333,2021,8,6799369,0,29,244,NA,0,0,0.020833333333390155,0.47916666666695085,0.4791666666663825,0.0208333333332765,25.94,33.78,30.23,72.64
2021.6666666666667,2021,9,6799369,0,27,280,NA,1.5696228097215656e-38,0,0,0.16666666666643917,0.6666666666666667,0.16666666666689411,25.59,32.13,29.09,85.74
2021.75,2021,10,6799369,0,23,135,NA,0.020833333333333363,0,0,0.02083333333333329,0.4791666666666665,0.47916666666666674,22.67,34.33,28.72,64.33
2021.8333333333333,2021,11,6799369,0,39,102,NA,0.16666666666643945,0,0,1.5627385089838848e-38,0.16666666666689392,0.6666666666666665,17.39,32.55,25.12,47.61
2021.9166666666667,2021,12,6799369,0,8,8,NA,0.479166666666951,0.020833333333390228,0,0,0.02083333333327648,0.4791666666663822,14.01,27.28,20.82,60.75
2022,2022,1,6954613,0,1,3,NA,0.6666666666666666,0.16666666666666666,0,0,0,0.16666666666666666,11.73,26.25,19.23,63.09
2022.0833333333333,2022,2,6954613,0,2,5,NA,0.47916666666695085,0.47916666666638247,0.02083333333327649,0,0,0.020833333333390176,14.76,32.01,23.82,49.8
2022.1666666666667,2022,3,6954613,0,0,20,NA,0.16666666666643923,0.6666666666666665,0.16666666666689403,1.5678998430151447e-38,0,0,21.7,38.58,30.64,33.75
2022.25,2022,4,6954613,0,2,55,NA,0.02083333333333332,0.4791666666666666,0.47916666666666663,0.02083333333333334,0,0,25.48,42.18,34.55,32.43
2022.3333333333333,2022,5,6954613,0,4,97,NA,1.5661781376312937e-38,0.16666666666689398,0.6666666666666665,0.1666666666664393,0,0,28.49,43.63,36.77,44.79
2022.4166666666667,2022,6,6954613,0,0,89,NA,0,0.020833333333276485,0.4791666666663823,0.4791666666669509,0.02083333333339019,0,28.15,41.11,35.23,57.34
2022.5,2022,7,6954613,0,4,170,NA,0,0,0.1666666666666666,0.6666666666666667,0.16666666666666674,0,25.97,33.62,30.21,82.23
2022.5833333333333,2022,8,6954613,0,55,304,NA,0,0,0.020833333333390155,0.47916666666695085,0.4791666666663825,0.0208333333332765,25.74,33.2,29.82,83.51
2022.6666666666667,2022,9,6954613,0,29,275,NA,1.5696228097215656e-38,0,0,0.16666666666643917,0.6666666666666667,0.16666666666689411,25.63,35.33,30.81,74.54
2022.75,2022,10,6954613,0,34,151,NA,0.020833333333333363,0,0,0.02083333333333329,0.4791666666666665,0.47916666666666674,22.24,35.68,29.21,58.67
2022.8333333333333,2022,11,6954613,0,37,81,NA,0.16666666666643945,0,0,1.5627385089838848e-38,0.16666666666689392,0.6666666666666665,17.21,33.6,25.56,52.66
2022.9166666666667,2022,12,6954613,0,14,31,NA,0.479166666666951,0.020833333333390228,0,0,0.02083333333327648,0.4791666666663822,15.79,30.02,23.09,52.37
2023,2023,1,7063828,0,4,11,NA,0.6666666666666666,0.16666666666666666,0,0,0,0.16666666666666666,12.62,26.38,19.72,53.47
2023.0833333333333,2023,2,7063828,0,3,9,NA,0.47916666666695085,0.47916666666638247,0.02083333333327649,0,0,0.020833333333390176,14.55,33.28,24.39,43.8
2023.1666666666667,2023,3,7063828,0,2,11,NA,0.16666666666643923,0.6666666666666665,0.16666666666689403,1.5678998430151447e-38,0,0,20.82,34.99,28.32,40.47
2023.25,2023,4,7063828,0,1,32,NA,0.02083333333333332,0.4791666666666666,0.47916666666666663,0.02083333333333334,0,0,24.65,38.19,32,35.84
2023.3333333333333,2023,5,7063828,0,2,75,NA,1.5661781376312937e-38,0.16666666666689398,0.6666666666666665,0.1666666666664393,0,0,26.76,40.52,34.28,44.28
2023.4166666666667,2023,6,7063828,0,1,84,NA,0,0.020833333333276485,0.4791666666663823,0.4791666666669509,0.02083333333339019,0,27.59,36.15,32.27,63.75
2023.5,2023,7,7063828,0,6,138,NA,0,0,0.1666666666666666,0.6666666666666667,0.16666666666666674,0,26.17,33.21,30.07,79.14
2023.5833333333333,2023,8,7063828,0,31,316,NA,0,0,0.020833333333390155,0.47916666666695085,0.4791666666663825,0.0208333333332765,26.05,32.61,29.63,72.51
2023.6666666666667,2023,9,7063828,0,27,202,NA,1.5696228097215656e-38,0,0,0.16666666666643917,0.6666666666666667,0.16666666666689411,25.85,33.86,30.13,71.72
2023.75,2023,10,7063828,0,30,101,NA,0.020833333333333363,0,0,0.02083333333333329,0.4791666666666665,0.47916666666666674,22.9,35.47,29.43,56.16
2023.8333333333333,2023,11,7063828,0,42,156,NA,0.16666666666643945,0,0,1.5627385089838848e-38,0.16666666666689392,0.6666666666666665,18.91,31.95,25.55,54.41
2023.9166666666667,2023,12,7063828,0,25,58,NA,0.479166666666951,0.020833333333390228,0,0,0.02083333333327648,0.4791666666663822,16.68,28.1,22.54,60.06
