time,year,month,pop,dpopdt,PF,PV,mvd,season1,season2,season3,season4,season5,season6,hadISD,Min_Temp,Max_Temp,Mean_Temp
1997,1997,1,3760447,0,70,112,0,0.6667,0.1667,0,0,0,0.1667,52.5609,7.18,30,19.6897311827957
1997.0833,1997,2,3760447,0,73,145,0,0.4792,0.4792,0.0208,0,0,0.0208,45.7497,7.15,37.78,22.484747023809526
1997.1667,1997,3,3760447,0,40,180,0,0.1667,0.6667,0.1667,0,0,0,38.4403,16.38,39.28,28.499341397849463
1997.25,1997,4,3760447,0,61,278,3,0.0208,0.4792,0.4792,0.0208,0,0,43.6317,18.92,41.78,30.500958333333333
1997.3333,1997,5,3760447,0,52,347,7.2,0,0.1667,0.6667,0.1667,0,0,44.6799,21.27,44,33.91438172043011
1997.4167,1997,6,3760447,0,134,588,4.12,0,0.0208,0.4792,0.4792,0.0208,0,70.7939,22.38,41.39,30.639875
1997.5,1997,7,3760447,0,236,1313,4.45,0,0,0.1667,0.6667,0.1667,0,76.9848,19.26,35.72,30.331774193548387
1997.5833,1997,8,3760447,0,257,959,4.32,0,0,0.0208,0.4792,0.4792,0.0208,80.42,23.27,35.5,29.041572580645163
1997.6667,1997,9,3760447,0,429,717,0.7,0,0,0,0.1667,0.6667,0.1667,75.9385,23.77,35,29.291555555555554
1997.75,1997,10,3760447,0,668,653,1.4,0.0208,0,0,0.0208,0.4792,0.4792,63.8396,18.31,36.61,27.957056451612903
1997.8333,1997,11,3760447,0,891,749,0.42,0.1667,0,0,0,0.1667,0.6667,62.4493,14.49,35.22,25.553291666666667
1997.9167,1997,12,3760447,0,467,200,2.9,0.4792,0.0208,0,0,0.0208,0.4792,60.9509,9.58,30.39,20.477043010752688
1998,1998,1,3840840,0,151,150,0.27,0.6667,0.1667,0,0,0,0.1667,52.1779,6.2,31.28,20.318965053763442
1998.0833,1998,2,3840840,0,101,215,0.32,0.4792,0.4792,0.0208,0,0,0.0208,49.2822,8.32,34.61,22.198363095238093
1998.1667,1998,3,3840840,0,43,179,0.45,0.1667,0.6667,0.1667,0,0,0,37.6635,14.02,42,27.7125
1998.25,1998,4,3840840,0,32,253,0,0.0208,0.4792,0.4792,0.0208,0,0,36.556,20.52,45,33.30952777777778
1998.3333,1998,5,3840840,0,87,453,0.82,0,0.1667,0.6667,0.1667,0,0,36.4816,23.5,45.5,36.35290322580645
1998.4167,1998,6,3840840,0,72,387,2.12,0,0.0208,0.4792,0.4792,0.0208,0,55.2248,24.95,43.11,34.516930555555554
1998.5,1998,7,3840840,0,117,933,3.4,0,0,0.1667,0.6667,0.1667,0,76.6781,24.33,36,30.113924731182795
1998.5833,1998,8,3840840,0,348,1208,1.62,0,0,0.0208,0.4792,0.4792,0.0208,77.9681,23.57,38.39,29.80918010752688
1998.6667,1998,9,3840840,0,783,1188,1.04,0,0,0,0.1667,0.6667,0.1667,77.8992,20.57,36,29.324583333333333
1998.75,1998,10,3840840,0,426,429,0.89,0.0208,0,0,0.0208,0.4792,0.4792,68.1504,16.89,37,28.461102150537634
1998.8333,1998,11,3840840,0,270,363,0.52,0.1667,0,0,0,0.1667,0.6667,60.456,10.22,35.22,24.047166666666666
1998.9167,1998,12,3840840,0,209,185,1.05,0.4792,0.0208,0,0,0.0208,0.4792,55.1609,4.46,32.5,20.632782258064516
1999,1999,1,3922952,0,94,143,0.12,0.6667,0.1667,0,0,0,0.1667,55.8346,6.41,32.28,19.32
1999.0833,1999,2,3922952,0,71,130,0.12,0.4792,0.4792,0.0208,0,0,0.0208,51.4573,10.17,36,24.261800595238096
1999.1667,1999,3,3922952,0,34,205,0.27,0.1667,0.6667,0.1667,0,0,0,34.4767,14.36,41.89,27.988682795698924
1999.25,1999,4,3922952,0,50,270,0.52,0.0208,0.4792,0.4792,0.0208,0,0,36.124,20.22,43.72,32.770208333333336
1999.3333,1999,5,3922952,0,44,374,1.29,0,0.1667,0.6667,0.1667,0,0,49.2805,23.02,43.78,34.1197311827957
1999.4167,1999,6,3922952,0,31,509,0.79,0,0.0208,0.4792,0.4792,0.0208,0,61.6639,22.12,41.39,32.76661111111111
1999.5,1999,7,3922952,0,25,604,2.56,0,0,0.1667,0.6667,0.1667,0,71.2846,22.8,36,29.958306451612902
1999.5833,1999,8,3922952,0,137,1206,0.14,0,0,0.0208,0.4792,0.4792,0.0208,72.8337,24.43,35,29.114596774193547
1999.6667,1999,9,3922952,0,253,758,0.29,0,0,0,0.1667,0.6667,0.1667,66.8162,24.14,37.61,30.312458333333332
1999.75,1999,10,3922952,0,277,432,0.43,0.0208,0,0,0.0208,0.4792,0.4792,66.1347,15.37,36.61,27.8894623655914
1999.8333,1999,11,3922952,0,284,247,0.2,0.1667,0,0,0,0.1667,0.6667,48.766,11.63,36.22,24.80398611111111
1999.9167,1999,12,3922952,0,205,167,0.56,0.4792,0.0208,0,0,0.0208,0.4792,47.0049,7.49,32,20.83529569892473
2000,2000,1,4006819,0,83,102,0.06,0.6667,0.1667,0,0,0,0.1667,49.912,5.11,33,20.944717741935484
2000.0833,2000,2,4006819,0,40,111,0.08,0.4792,0.4792,0.0208,0,0,0.0208,38.3775,6.36,37.28,21.499770114942528
2000.1667,2000,3,4006819,0,24,154,0.02,0.1667,0.6667,0.1667,0,0,0,29.87,12.74,41.89,27.486223118279568
2000.25,2000,4,4006819,0,18,169,0.27,0.0208,0.4792,0.4792,0.0208,0,0,35.7418,19.6,44.22,33.68425
2000.3333,2000,5,4006819,0,26,283,0.56,0,0.1667,0.6667,0.1667,0,0,50.4819,23.62,43.39,34.06926075268817
2000.4167,2000,6,4006819,0,24,380,0.47,0,0.0208,0.4792,0.4792,0.0208,0,54.0026,23.1,42.5,34.33759722222222
2000.5,2000,7,4006819,0,33,396,0.64,0,0,0.1667,0.6667,0.1667,0,74.0496,23.39,36.22,29.803387096774195
2000.5833,2000,8,4006819,0,132,707,0.97,0,0,0.0208,0.4792,0.4792,0.0208,72.7955,22.81,37,29.798266129032257
2000.6667,2000,9,4006819,0,171,613,0.56,0,0,0,0.1667,0.6667,0.1667,62.5341,23.41,39.22,30.303763888888888
2000.75,2000,10,4006819,0,132,235,0.5,0.0208,0,0,0.0208,0.4792,0.4792,45.8709,16.72,39.72,30.14393817204301
2000.8333,2000,11,4006819,0,115,240,0.16,0.1667,0,0,0,0.1667,0.6667,42.2517,11.57,36.78,25.607069444444445
2000.9167,2000,12,4006819,0,70,133,0.36,0.4792,0.0208,0,0,0.0208,0.4792,38.7346,8.8,34.72,21.56861559139785
2001,2001,1,4663533,0,77,74,0.04,0.6667,0.1667,0,0,0,0.1667,40.7478,7.22,32.28,19.971155913978496
2001.0833,2001,2,4663533,0,36,55,0.66,0.4792,0.4792,0.0208,0,0,0.0208,39.5231,7.97,35,22.61799107142857
2001.1667,2001,3,4663533,0,16,99,1.04,0.1667,0.6667,0.1667,0,0,0,35.7695,14.04,38.39,28.33103494623656
2001.25,2001,4,4663533,0,19,156,1,0.0208,0.4792,0.4792,0.0208,0,0,33.6881,18.22,42.78,32.45451388888889
2001.3333,2001,5,4663533,0,17,212,0.54,0,0.1667,0.6667,0.1667,0,0,48.3565,25.42,44.5,34.76111559139785
2001.4167,2001,6,4663533,0,12,354,10.62,0,0.0208,0.4792,0.4792,0.0208,0,64.6276,23.61,39.5,31.335
2001.5,2001,7,4663533,0,35,638,3.45,0,0,0.1667,0.6667,0.1667,0,79.9337,20.5,32.89,28.553870967741936
2001.5833,2001,8,4663533,0,132,855,2.33,0,0,0.0208,0.4792,0.4792,0.0208,74.4118,22.84,34.28,28.97442204301075
2001.6667,2001,9,4663533,0,228,667,0.83,0,0,0,0.1667,0.6667,0.1667,58.0468,23.86,40.61,31.11425
2001.75,2001,10,4663533,0,152,284,0.62,0.0208,0,0,0.0208,0.4792,0.4792,51.696,16.86,38.72,29.913763440860215
2001.8333,2001,11,4663533,0,150,152,2.17,0.1667,0,0,0,0.1667,0.6667,38.261,12.02,38,25.31826388888889
2001.9167,2001,12,4663533,0,74,121,1.97,0.4792,0.0208,0,0,0.0208,0.4792,44.7438,8.07,34.28,21.663051075268818
2002,2002,1,4763233,0,55,143,0.16,0.6667,0.1667,0,0,0,0.1667,42.3543,5.59,32.22,19.864744623655913
2002.0833,2002,2,4763233,0,26,96,0.15,0.4792,0.4792,0.0208,0,0,0.0208,33.5695,6.92,35.61,22.693377976190476
2002.1667,2002,3,4763233,0,10,55,0,0.1667,0.6667,0.1667,0,0,0,30.7025,15.14,41.39,28.899556451612902
2002.25,2002,4,4763233,0,17,157,0.5,0.0208,0.4792,0.4792,0.0208,0,0,29.7609,15.47,45.39,33.35798611111111
2002.3333,2002,5,4763233,0,3,162,0.35,0,0.1667,0.6667,0.1667,0,0,40.3176,24.07,46.28,35.69012096774193
2002.4167,2002,6,4763233,0,9,184,0.79,0,0.0208,0.4792,0.4792,0.0208,0,53.7089,24.54,41.72,33.81836111111111
2002.5,2002,7,4763233,0,43,507,3.46,0,0,0.1667,0.6667,0.1667,0,60.4212,23.92,36.61,30.90244623655914
2002.5833,2002,8,4763233,0,93,878,1.37,0,0,0.0208,0.4792,0.4792,0.0208,69.7789,22.45,36.72,29.091505376344085
2002.6667,2002,9,4763233,0,155,819,0.62,0,0,0,0.1667,0.6667,0.1667,65.3272,22.08,39.78,29.824625
2002.75,2002,10,4763233,0,109,327,0.33,0.0208,0,0,0.0208,0.4792,0.4792,40.8267,17.34,41.5,30.60225806451613
2002.8333,2002,11,4763233,0,71,134,0.66,0.1667,0,0,0,0.1667,0.6667,39.1632,10.3,37.72,25.460555555555555
2002.9167,2002,12,4763233,0,60,138,0.81,0.4792,0.0208,0,0,0.0208,0.4792,45.7231,8.4,35.11,22.273051075268818
2003,2003,1,4865065,0,53,152,0.42,0.6667,0.1667,0,0,0,0.1667,37.8926,9.53,33.78,21.940161290322582
2003.0833,2003,2,4865065,0,19,145,0.25,0.4792,0.4792,0.0208,0,0,0.0208,41.5437,10.75,35.72,24.300580357142856
2003.1667,2003,3,4865065,0,13,104,0.92,0.1667,0.6667,0.1667,0,0,0,28.2927,12.26,39.61,28.332862903225806
2003.25,2003,4,4865065,0,24,189,0.58,0.0208,0.4792,0.4792,0.0208,0,0,32.8006,23.24,43.89,33.29569444444444
2003.3333,2003,5,4865065,0,7,201,0.46,0,0.1667,0.6667,0.1667,0,0,36.3852,24.82,44.22,35.11853494623656
2003.4167,2003,6,4865065,0,21,308,1.79,0,0.0208,0.4792,0.4792,0.0208,0,53.2818,20.12,43.78,33.722722222222224
2003.5,2003,7,4865065,0,19,611,1.41,0,0,0.1667,0.6667,0.1667,0,74.4349,22.78,38.39,29.672190860215053
2003.5833,2003,8,4865065,0,131,987,3.04,0,0,0.0208,0.4792,0.4792,0.0208,74.6737,23.04,35.39,28.857634408602152
2003.6667,2003,9,4865065,0,188,854,0.45,0,0,0,0.1667,0.6667,0.1667,69.4619,21.92,35.5,28.91638888888889
2003.75,2003,10,4865065,0,241,407,0.37,0.0208,0,0,0.0208,0.4792,0.4792,44.0558,16.03,37.39,28.41706989247312
2003.8333,2003,11,4865065,0,213,225,0.46,0.1667,0,0,0,0.1667,0.6667,46.2899,13.45,37,26.20284722222222
2003.9167,2003,12,4865065,0,187,145,0.88,0.4792,0.0208,0,0,0.0208,0.4792,47.8187,7.12,34,21.140510752688172
2004,2004,1,4969074,0,120,82,0.33,0.6667,0.1667,0,0,0,0.1667,48.8042,7.92,31.72,20.384932795698926
2004.0833,2004,2,4969074,0,73,74,0.06,0.4792,0.4792,0.0208,0,0,0.0208,40.1461,8.79,36.28,23.00998563218391
2004.1667,2004,3,4969074,0,41,99,0.17,0.1667,0.6667,0.1667,0,0,0,27.6758,14,42,29.85114247311828
2004.25,2004,4,4969074,0,25,198,0.66,0.0208,0.4792,0.4792,0.0208,0,0,39.8896,19.16,42.28,33.45397222222222
2004.3333,2004,5,4969074,0,20,277,0.58,0,0.1667,0.6667,0.1667,0,0,44.6443,22.78,45.22,34.53840053763441
2004.4167,2004,6,4969074,0,18,381,1.45,0,0.0208,0.4792,0.4792,0.0208,0,58.4467,23.47,42.78,33.187736111111114
2004.5,2004,7,4969074,0,34,499,6.54,0,0,0.1667,0.6667,0.1667,0,69.2796,23.02,38.61,31.09260752688172
2004.5833,2004,8,4969074,0,187,1231,0.37,0,0,0.0208,0.4792,0.4792,0.0208,84.6821,23.63,33.5,27.72622311827957
2004.6667,2004,9,4969074,0,501,994,0.42,0,0,0,0.1667,0.6667,0.1667,66.3911,23.17,38,30.569805555555554
2004.75,2004,10,4969074,0,334,652,0.37,0.0208,0,0,0.0208,0.4792,0.4792,58.053,17.38,39,27.912903225806453
2004.8333,2004,11,4969074,0,607,373,0.33,0.1667,0,0,0,0.1667,0.6667,48.9969,13.41,35.61,25.878
2004.9167,2004,12,4969074,0,354,228,0.95,0.4792,0.0208,0,0,0.0208,0.4792,53.5234,10.14,32.72,22.31510752688172
2005,2005,1,5075306,0,173,168,0.08,0.6667,0.1667,0,0,0,0.1667,50.326,7.19,28.5,18.785309139784946
2005.0833,2005,2,5075306,0,86,150,0,0.4792,0.4792,0.0208,0,0,0.0208,47.2579,5.08,37.11,22.160267857142856
2005.1667,2005,3,5075306,0,65,162,0.32,0.1667,0.6667,0.1667,0,0,0,41.5563,17.69,38.5,28.14543010752688
2005.25,2005,4,5075306,0,42,195,0.77,0.0208,0.4792,0.4792,0.0208,0,0,24.5923,17.88,43,31.578694444444444
2005.3333,2005,5,5075306,0,46,297,0.78,0,0.1667,0.6667,0.1667,0,0,37.5609,23,44.39,34.253991935483874
2005.4167,2005,6,5075306,0,21,343,0.2,0,0.0208,0.4792,0.4792,0.0208,0,53.9075,22.64,43.89,32.97570833333333
2005.5,2005,7,5075306,0,144,1014,1.62,0,0,0.1667,0.6667,0.1667,0,72.4808,23.02,35.78,29.86930107526882
2005.5833,2005,8,5075306,0,364,1542,1.7,0,0,0.0208,0.4792,0.4792,0.0208,73.0741,16.7,35,28.15948924731183
2005.6667,2005,9,5075306,0,570,1012,0.55,0,0,0,0.1667,0.6667,0.1667,77.7792,22.13,36,28.62225
2005.75,2005,10,5075306,0,528,493,0.27,0.0208,0,0,0.0208,0.4792,0.4792,61.2011,15.45,36.61,27.78478494623656
2005.8333,2005,11,5075306,0,486,292,0.21,0.1667,0,0,0,0.1667,0.6667,55.1393,11.03,34,24.068625
2005.9167,2005,12,5075306,0,234,166,0.55,0.4792,0.0208,0,0,0.0208,0.4792,53.1755,7.57,31.5,19.721774193548388
2006,2006,1,5183809,0,91,85,0.03,0.6667,0.1667,0,0,0,0.1667,53.5897,8.46,34,20.46616935483871
2006.0833,2006,2,5183809,0,62,73,0.03,0.4792,0.4792,0.0208,0,0,0.0208,48.7662,12.41,37.39,25.607366071428572
2006.1667,2006,3,5183809,0,68,120,0.37,0.1667,0.6667,0.1667,0,0,0,41.7218,14.62,38.28,26.931075268817203
2006.25,2006,4,5183809,0,22,201,0.15,0.0208,0.4792,0.4792,0.0208,0,0,43.506,20.07,40.89,31.876805555555556
2006.3333,2006,5,5183809,0,13,313,0.2,0,0.1667,0.6667,0.1667,0,0,50.5334,22.65,44.28,34.90966397849462
2006.4167,2006,6,5183809,0,43,368,0.82,0,0.0208,0.4792,0.4792,0.0208,0,62.1418,25.05,43,33.14426388888889
2006.5,2006,7,5183809,0,196,652,0.32,0,0,0.1667,0.6667,0.1667,0,80.2323,23.51,38,29.213575268817205
2006.5833,2006,8,5183809,0,466,1106,0.41,0,0,0.0208,0.4792,0.4792,0.0208,82.8045,23.03,33,27.879489247311827
2006.6667,2006,9,5183809,0,429,540,0.05,0,0,0,0.1667,0.6667,0.1667,71.1042,21.47,37,30.021875
2006.75,2006,10,5183809,0,333,162,0.17,0.0208,0,0,0.0208,0.4792,0.4792,56.438,19.15,39,29.617674731182795
2006.8333,2006,11,5183809,0,315,150,0.05,0.1667,0,0,0,0.1667,0.6667,52.9754,13.01,36,25.475819444444443
2006.9167,2006,12,5183809,0,179,67,0.22,0.4792,0.0208,0,0,0.0208,0.4792,56.1503,11.05,33,22.576720430107528
2007,2007,1,5294632,0,59,47,0,0.6667,0.1667,0,0,0,0.1667,50.1471,9.48,34,21.328602150537634
2007.0833,2007,2,5294632,0,29,32,0.17,0.4792,0.4792,0.0208,0,0,0.0208,48.8872,12.56,36,24.616875
2007.1667,2007,3,5294632,0,37,65,0.27,0.1667,0.6667,0.1667,0,0,0,36.9289,14,42,28.100443548387098
2007.25,2007,4,5294632,0,27,130,0.47,0.0208,0.4792,0.4792,0.0208,0,0,35.785,17.3,44,33.79838888888889
2007.3333,2007,5,5294632,0,16,195,0.32,0,0.1667,0.6667,0.1667,0,0,45.127,26.39,45,35.65861559139785
2007.4167,2007,6,5294632,0,19,260,0.21,0,0.0208,0.4792,0.4792,0.0208,0,58.3753,25.24,44,33.999249999999996
2007.5,2007,7,5294632,0,34,399,0.98,0,0,0.1667,0.6667,0.1667,0,76.5331,24.39,36.28,29.80106182795699
2007.5833,2007,8,5294632,0,273,766,0.44,0,0,0.0208,0.4792,0.4792,0.0208,79.7889,23.48,35.28,28.979220430107528
2007.6667,2007,9,5294632,0,672,664,0.43,0,0,0,0.1667,0.6667,0.1667,76.8691,23.1,35.22,29.588430555555554
2007.75,2007,10,5294632,0,499,394,0.1,0.0208,0,0,0.0208,0.4792,0.4792,58.2196,17.25,37,27.885403225806453
2007.8333,2007,11,5294632,0,278,102,0.29,0.1667,0,0,0,0.1667,0.6667,52.3269,12.51,36.39,25.280041666666666
2007.9167,2007,12,5294632,0,161,71,0.31,0.4792,0.0208,0,0,0.0208,0.4792,55.5829,10.16,31.39,21.420403225806453
2008,2008,1,5407823,0,44,37,0.04,0.6667,0.1667,0,0,0,0.1667,49.8926,7.07,32.78,19.54377688172043
2008.0833,2008,2,5407823,0,24,44,0.02,0.4792,0.4792,0.0208,0,0,0.0208,42.9624,7.11,36.11,20.25139367816092
2008.1667,2008,3,5407823,0,22,79,0.1,0.1667,0.6667,0.1667,0,0,0,39.3409,12.39,40.22,28.49465053763441
2008.25,2008,4,5407823,0,20,148,0,0.0208,0.4792,0.4792,0.0208,0,0,39.5241,18.47,43.22,31.761152777777777
2008.3333,2008,5,5407823,0,15,292,0.08,0,0.1667,0.6667,0.1667,0,0,45.9945,24.06,42.5,34.19381720430108
2008.4167,2008,6,5407823,0,6,330,0.1,0,0.0208,0.4792,0.4792,0.0208,0,60.6177,20.52,40.39,32.44504166666667
2008.5,2008,7,5407823,0,67,688,0.31,0,0,0.1667,0.6667,0.1667,0,72.7358,20.68,36.28,29.929193548387097
2008.5833,2008,8,5407823,0,288,1124,0.08,0,0,0.0208,0.4792,0.4792,0.0208,79.2206,24.05,35,28.52377688172043
2008.6667,2008,9,5407823,0,381,728,0.04,0,0,0,0.1667,0.6667,0.1667,74.3881,23.33,38,29.802694444444445
2008.75,2008,10,5407823,0,293,304,0.02,0.0208,0,0,0.0208,0.4792,0.4792,57.4212,19.09,38.39,29.23537634408602
2008.8333,2008,11,5407823,0,173,146,0.06,0.1667,0,0,0,0.1667,0.6667,48.6875,14,36.39,25.096625
2008.9167,2008,12,5407823,0,66,56,0.07,0.4792,0.0208,0,0,0.0208,0.4792,57.8322,10.65,34.61,23.7705376344086
2009,2009,1,5523436,0,49,40,0.02,0.6667,0.1667,0,0,0,0.1667,57.1415,11.16,32.22,22.081895161290323
2009.0833,2009,2,5523436,0,25,48,0.02,0.4792,0.4792,0.0208,0,0,0.0208,46.9566,11.78,37,24.613824404761903
2009.1667,2009,3,5523436,0,20,206,0.06,0.1667,0.6667,0.1667,0,0,0,34.4888,16.57,39.28,29.65396505376344
2009.25,2009,4,5523436,0,22,263,0,0.0208,0.4792,0.4792,0.0208,0,0,27.3963,21.21,44.28,33.04277777777778
2009.3333,2009,5,5523436,0,8,243,0.08,0,0.1667,0.6667,0.1667,0,0,45.823,23.86,44.39,35.279690860215055
2009.4167,2009,6,5523436,0,6,333,0.19,0,0.0208,0.4792,0.4792,0.0208,0,53.3931,23.92,42.22,34.69565277777778
2009.5,2009,7,5523436,0,8,390,0.54,0,0,0.1667,0.6667,0.1667,0,74.1814,22.78,41.78,30.555981182795698
2009.5833,2009,8,5523436,0,210,1157,0.19,0,0,0.0208,0.4792,0.4792,0.0208,70.6044,20.52,38,30.20345430107527
2009.6667,2009,9,5523436,0,145,1115,0.27,0,0,0,0.1667,0.6667,0.1667,66.1204,22.92,38.28,30.62763888888889
2009.75,2009,10,5523436,0,146,448,0.1,0.0208,0,0,0.0208,0.4792,0.4792,48.9217,15.21,39.22,29.26255376344086
2009.8333,2009,11,5523436,0,255,297,0.13,0.1667,0,0,0,0.1667,0.6667,48.0917,14.01,37.22,25.236666666666668
2009.9167,2009,12,5523436,0,128,115,0.14,0.4792,0.0208,0,0,0.0208,0.4792,51.2017,11.65,33.72,22.70266129032258
2010,2010,1,5641520,0,29,54,0.06,0.6667,0.1667,0,0,0,0.1667,45.7531,10.16,32.22,21.465443548387096
2010.0833,2010,2,5641520,0,6,52,0,0.4792,0.4792,0.0208,0,0,0.0208,38.7245,11.7,37.72,24.20217261904762
2010.1667,2010,3,5641520,0,22,137,0.06,0.1667,0.6667,0.1667,0,0,0,31.5026,16.02,43,30.252956989247313
2010.25,2010,4,5641520,0,30,220,0.13,0.0208,0.4792,0.4792,0.0208,0,0,34.7596,21.21,44.61,34.41923611111111
2010.3333,2010,5,5641520,0,13,267,0.13,0,0.1667,0.6667,0.1667,0,0,33.9037,27.01,47,36.99189516129032
2010.4167,2010,6,5641520,0,21,400,0.19,0,0.0208,0.4792,0.4792,0.0208,0,49.6366,24.25,44.5,34.730847222222224
2010.5,2010,7,5641520,0,25,423,0.38,0,0,0.1667,0.6667,0.1667,0,74.1827,23.81,38.78,30.06625
2010.5833,2010,8,5641520,0,207,1288,0.17,0,0,0.0208,0.4792,0.4792,0.0208,78.9586,22.34,35.5,29.514166666666668
2010.6667,2010,9,5641520,0,410,1245,0.08,0,0,0,0.1667,0.6667,0.1667,71.453,22.22,36.78,29.424791666666668
2010.75,2010,10,5641520,0,378,690,0.15,0.0208,0,0,0.0208,0.4792,0.4792,54.1277,19.56,38.39,29.66622311827957
2010.8333,2010,11,5641520,0,364,324,0.08,0.1667,0,0,0,0.1667,0.6667,63.1067,16.86,35,25.50588888888889
2010.9167,2010,12,5641520,0,415,173,0.12,0.4792,0.0208,0,0,0.0208,0.4792,57.4334,8.38,32,21.64034946236559
2011,2011,1,5762128,0,62,60,0.04,0.6667,0.1667,0,0,0,0.1667,49.6054,6.87,34,21.030456989247313
2011.0833,2011,2,5762128,0,27,62,0.1,0.4792,0.4792,0.0208,0,0,0.0208,48.5315,12.71,37,24.94205357142857
2011.1667,2011,3,5762128,0,32,136,0.08,0.1667,0.6667,0.1667,0,0,0,33.8027,14.14,43,29.405591397849463
2011.25,2011,4,5762128,0,11,260,0.23,0.0208,0.4792,0.4792,0.0208,0,0,29.0657,18.11,43,32.83675
2011.3333,2011,5,5762128,0,5,428,0.17,0,0.1667,0.6667,0.1667,0,0,43.4553,25.05,44,35.097903225806455
2011.4167,2011,6,5762128,0,7,579,0.15,0,0.0208,0.4792,0.4792,0.0208,0,52.3211,24.88,44,34.62127777777778
2011.5,2011,7,5762128,0,53,799,0.79,0,0,0.1667,0.6667,0.1667,0,74.2602,23.5,39.39,30.788225806451614
2011.5833,2011,8,5762128,0,590,2882,0.19,0,0,0.0208,0.4792,0.4792,0.0208,83.7132,23.43,35,29.08293010752688
2011.6667,2011,9,5762128,0,1142,2670,0.08,0,0,0,0.1667,0.6667,0.1667,81.4149,23.19,34.39,29.13473611111111
2011.75,2011,10,5762128,0,905,1249,0,0.0208,0,0,0.0208,0.4792,0.4792,55.9454,18.79,38,29.430806451612902
2011.8333,2011,11,5762128,0,542,521,0.02,0.1667,0,0,0,0.1667,0.6667,50.8514,15.81,37,27.271333333333335
2011.9167,2011,12,5762128,0,282,227,0.15,0.4792,0.0208,0,0,0.0208,0.4792,51.5759,9.4,35,22.82704301075269
2012,2012,1,5885315,0,86,131,0,0.6667,0.1667,0,0,0,0.1667,48.5586,7.31,30,19.767553763440862
2012.0833,2012,2,5885315,0,22,139,0,0.4792,0.4792,0.0208,0,0,0.0208,39.288,5.37,35.22,22.28272988505747
2012.1667,2012,3,5885315,0,11,413,0.02,0.1667,0.6667,0.1667,0,0,0,33.1984,11.07,41,27.64130376344086
2012.25,2012,4,5885315,0,18,921,0,0.0208,0.4792,0.4792,0.0208,0,0,37.0067,21.76,44,33.43661111111111
2012.3333,2012,5,5885315,0,32,1563,0,0,0.1667,0.6667,0.1667,0,0,44.8578,24.05,45,35.53584677419355
2012.4167,2012,6,5885315,0,29,1832,0.02,0,0.0208,0.4792,0.4792,0.0208,0,54.4836,24.01,43,34.810875
2012.5,2012,7,5885315,0,66,2076,0.63,0,0,0.1667,0.6667,0.1667,0,69.8256,23.58,40,31.59489247311828
2012.5833,2012,8,5885315,0,616,4701,0,0,0,0.0208,0.4792,0.4792,0.0208,75.0106,23.75,37,29.813413978494623
2012.6667,2012,9,5885315,0,866,2581,0,0,0,0,0.1667,0.6667,0.1667,74.7498,23.34,38,29.606972222222222
2012.75,2012,10,5885315,0,632,959,0,0.0208,0,0,0.0208,0.4792,0.4792,56.2513,16.24,39,29.40141129032258
2012.8333,2012,11,5885315,0,377,419,0,0.1667,0,0,0,0.1667,0.6667,53.7657,11.31,36,24.223791666666667
2012.9167,2012,12,5885315,0,143,143,0.06,0.4792,0.0208,0,0,0.0208,0.4792,53.1894,9.39,35,22.485954301075267
2013,2013,1,6011136,0,16,100,0,0.6667,0.1667,0,0,0,0.1667,45.9121,7.8,32,19.714771505376344
2013.0833,2013,2,6011136,0,15,148,0,0.4792,0.4792,0.0208,0,0,0.0208,45.8179,10.13,35,23.475952380952382
2013.1667,2013,3,6011136,0,15,279,0,0.1667,0.6667,0.1667,0,0,0,36.8037,13.01,40,28.532190860215053
2013.25,2013,4,6011136,0,20,486,0,0.0208,0.4792,0.4792,0.0208,0,0,38.7443,20.55,43,32.231569444444446
2013.3333,2013,5,6011136,0,7,616,0.02,0,0.1667,0.6667,0.1667,0,0,39.8546,25.27,46,36.171209677419355
2013.4167,2013,6,6011136,0,28,727,0.36,0,0.0208,0.4792,0.4792,0.0208,0,64.7587,24.02,43,32.45543055555556
2013.5,2013,7,6011136,0,108,1615,0.35,0,0,0.1667,0.6667,0.1667,0,82.487,22.61,37,29.03133064516129
2013.5833,2013,8,6011136,0,242,1409,0.25,0,0,0.0208,0.4792,0.4792,0.0208,80.476,23.54,34.22,28.879112903225806
2013.6667,2013,9,6011136,0,196,697,0.02,0,0,0,0.1667,0.6667,0.1667,72.764,23.43,40,30.495819444444443
2013.75,2013,10,6011136,0,147,268,0.04,0.0208,0,0,0.0208,0.4792,0.4792,70.9676,17.36,36,28.16725806451613
2013.8333,2013,11,6011136,0,159,152,0.02,0.1667,0,0,0,0.1667,0.6667,54.2111,12.57,35.78,24.463194444444444
2013.9167,2013,12,6011136,0,32,51,0.09,0.4792,0.0208,0,0,0.0208,0.4792,55.8724,8.16,32,20.890228494623656
2014,2014,1,6139645,0,10,35,0,0.6667,0.1667,0,0,0,0.1667,58.2695,8.17,31,19.68345430107527
2014.0833,2014,2,6139645,0,6,94,0,0.4792,0.4792,0.0208,0,0,0.0208,47.1961,9.14,34,22.72842261904762
2014.1667,2014,3,6139645,0,6,147,0.04,0.1667,0.6667,0.1667,0,0,0,37.5762,13.02,39,27.6625
2014.25,2014,4,6139645,0,9,302,0.02,0.0208,0.4792,0.4792,0.0208,0,0,36.1367,20.3,43.81,33.12063888888889
2014.3333,2014,5,6139645,0,5,522,0.04,0,0.1667,0.6667,0.1667,0,0,38.4619,25.65,46,36.11600806451613
2014.4167,2014,6,6139645,0,3,282,0,0,0.0208,0.4792,0.4792,0.0208,0,48.2783,29.05,47,36.366958333333336
2014.5,2014,7,6139645,0,5,227,0,0,0,0.1667,0.6667,0.1667,0,66.5233,24.01,41,32.21864247311828
2014.5833,2014,8,6139645,0,80,495,0.25,0,0,0.0208,0.4792,0.4792,0.0208,75.7013,24.73,37,30.496559139784946
2014.6667,2014,9,6139645,0,111,637,0.13,0,0,0,0.1667,0.6667,0.1667,79.5988,24.02,38,29.40626388888889
2014.75,2014,10,6139645,0,77,197,0.13,0.0208,0,0,0.0208,0.4792,0.4792,57.4357,19.37,40,30.394112903225807
2014.8333,2014,11,6139645,0,83,157,0.23,0.1667,0,0,0,0.1667,0.6667,54.0428,16.01,37,27.362625
2014.9167,2014,12,6139645,0,91,76,0.07,0.4792,0.0208,0,0,0.0208,0.4792,48.0595,8.11,37,21.025040322580644
2015,2015,1,6249780,0,47,60,0,0.6667,0.1667,0,0,0,0.1667,57.0809,10.13,31,19.948091397849463
2015.0833,2015,2,6249780,0,10,36,0,0.4792,0.4792,0.0208,0,0,0.0208,45.4444,11.64,39,24.77392857142857
2015.1667,2015,3,6249780,0,9,74,0,0.1667,0.6667,0.1667,0,0,0,41.5241,14,43,28.223333333333333
2015.25,2015,4,6249780,0,10,170,0,0.0208,0.4792,0.4792,0.0208,0,0,41.5942,20.18,45,32.72306944444444
2015.3333,2015,5,6249780,0,12,354,0,0,0.1667,0.6667,0.1667,0,0,38.8339,24.19,47,37.0645564516129
2015.4167,2015,6,6249780,0,12,348,0,0,0.0208,0.4792,0.4792,0.0208,0,57.0393,25.64,46,34.093944444444446
2015.5,2015,7,6249780,0,86,880,0,0,0,0.1667,0.6667,0.1667,0,66.9095,22.41,39,31.54037634408602
2015.5833,2015,8,6249780,0,179,1404,0,0,0,0.0208,0.4792,0.4792,0.0208,70.1567,25.49,37,30.694247311827958
2015.6667,2015,9,6249780,0,374,1778,0,0,0,0,0.1667,0.6667,0.1667,65.2123,23.05,40,31.009430555555557
2015.75,2015,10,6249780,0,252,655,0,0.0208,0,0,0.0208,0.4792,0.4792,52.1647,16.36,40,30.658897849462367
2015.8333,2015,11,6249780,0,163,222,0,0.1667,0,0,0,0.1667,0.6667,47.815,12.01,38,26.748319444444444
2015.9167,2015,12,6249780,0,123,96,0,0.4792,0.0208,0,0,0.0208,0.4792,44.652,8.14,36,21.316317204301075
2016,2016,1,6359914,0,18,38,0,0.6667,0.1667,0,0,0,0.1667,53.0403,7.72,34,21.376344086021504
2016.0833,2016,2,6359914,0,5,72,0,0.4792,0.4792,0.0208,0,0,0.0208,40.7728,10.51,38,23.919727011494253
2016.1667,2016,3,6359914,0,13,171,0,0.1667,0.6667,0.1667,0,0,0,33.9635,18.5,43,29.844395161290322
2016.25,2016,4,6359914,0,17,326,0,0.0208,0.4792,0.4792,0.0208,0,0,35.7229,21.07,43.75,33.327708333333334
2016.3333,2016,5,6359914,0,13,588,0,0,0.1667,0.6667,0.1667,0,0,39.9131,24.67,50,37.306693548387095
2016.4167,2016,6,6359914,0,4,544,0,0,0.0208,0.4792,0.4792,0.0208,0,50.2427,27.38,47,35.43168055555556
2016.5,2016,7,6359914,0,25,783,0,0,0,0.1667,0.6667,0.1667,0,73.4706,25.13,38,30.423897849462367
2016.5833,2016,8,6359914,0,459,2934,0,0,0,0.0208,0.4792,0.4792,0.0208,81.8251,23.26,34,28.607217741935482
2016.6667,2016,9,6359914,0,336,2343,0,0,0,0,0.1667,0.6667,0.1667,72.7149,23.14,37,29.471444444444444
2016.75,2016,10,6359914,0,372,809,0,0.0208,0,0,0.0208,0.4792,0.4792,67.6461,17.18,36,27.942016129032258
2016.8333,2016,11,6359914,0,456,532,0,0.1667,0,0,0,0.1667,0.6667,52.6556,13.31,34.22,24.31972222222222
2016.9167,2016,12,6359914,0,100,128,0,0.4792,0.0208,0,0,0.0208,0.4792,53.3691,10.88,33.22,22.544771505376342
2017,2017,1,6359914,0,34,72,0,0.6667,0.1667,0,0,0,0.1667,52.8523,9.67,34,21.130067204301074
2017.0833,2017,2,6359914,0,17,138,0,0.4792,0.4792,0.0208,0,0,0.0208,42.6218,9.77,38,24.423928571428572
2017.1667,2017,3,6359914,0,19,279,0,0.1667,0.6667,0.1667,0,0,0,31.429,10.8,43,28.645994623655913
2017.25,2017,4,6359914,0,10,615,0,0.0208,0.4792,0.4792,0.0208,0,0,36.3102,16.55,44,32.47645833333333
2017.3333,2017,5,6359914,0,7,1024,0,0,0.1667,0.6667,0.1667,0,0,41.0675,24.59,44,35.62965053763441
2017.4167,2017,6,6359914,0,6,991,0,0,0.0208,0.4792,0.4792,0.0208,0,59.222,24.41,42,33.863083333333336
2017.5,2017,7,6359914,0,85,1150,0,0,0,0.1667,0.6667,0.1667,0,84.6312,23.01,36,28.36350806451613
2017.5833,2017,8,6359914,0,336,2123,0,0,0,0.0208,0.4792,0.4792,0.0208,78.5457,24.54,34.39,29.35141129032258
2017.6667,2017,9,6359914,0,268,1137,0,0,0,0,0.1667,0.6667,0.1667,75.4263,23.34,37,29.707930555555556
2017.75,2017,10,6359914,0,265,812,0,0.0208,0,0,0.0208,0.4792,0.4792,54.7245,17.62,39,29.50861559139785
2017.8333,2017,11,6359914,0,163,475,0,0.1667,0,0,0,0.1667,0.6667,54.6301,11.61,36,24.431208333333334
2017.9167,2017,12,6359914,0,57,122,0,0.4792,0.0208,0,0,0.0208,0.4792,56.5923,10.27,31,21.37622311827957
2018,2018,1,6171837,0,21,50,0,0.6667,0.1667,0,0,0,0.1667,52.8053,8.8,34,21.03831989247312
2018.0833,2018,2,6171837,0,10,52,0,0.4792,0.4792,0.0208,0,0,0.0208,46.3726,9.94,39,24.586145833333333
2018.1667,2018,3,6171837,0,15,124,0,0.1667,0.6667,0.1667,0,0,0,32.6875,16.38,44,29.672647849462365
2018.25,2018,4,6171837,0,22,306,0,0.0208,0.4792,0.4792,0.0208,0,0,32.6843,19.56,44.91,33.85568055555556
2018.3333,2018,5,6171837,0,4,455,0,0,0.1667,0.6667,0.1667,0,0,40.3794,23.46,48,37.169395161290325
2018.4167,2018,6,6171837,0,3,467,0,0,0.0208,0.4792,0.4792,0.0208,0,52.6094,23.52,45,35.77941666666667
2018.5,2018,7,6171837,0,28,629,0,0,0,0.1667,0.6667,0.1667,0,77.9109,24.41,39,29.96837365591398
2018.5833,2018,8,6171837,0,309,2140,0,0,0,0.0208,0.4792,0.4792,0.0208,76.9018,23.27,37,29.186572580645162
2018.6667,2018,9,6171837,0,138,974,0,0,0,0,0.1667,0.6667,0.1667,70.4408,22.49,39,29.301666666666666
2018.75,2018,10,6171837,0,89,389,0,0.0208,0,0,0.0208,0.4792,0.4792,49.5493,18.31,41,30.72127688172043
2018.8333,2018,11,6171837,0,40,167,0,0.1667,0,0,0,0.1667,0.6667,47.2773,14.5,38,26.202819444444444
2018.9167,2018,12,6171837,0,31,48,0,0.4792,0.0208,0,0,0.0208,0.4792,46.2411,8.16,31,20.210631720430108
2019,2019,1,6253624,0,4,25,NA,0.6667,0.1667,0,0,0,0.1667,45.3434,8.21,33,19.33081989247312
2019.0833,2019,2,6253624,0,2,29,NA,0.4792,0.4792,0.0208,0,0,0.0208,44.6317,7.13,36,21.950252976190477
2019.1667,2019,3,6253624,0,3,76,NA,0.1667,0.6667,0.1667,0,0,0,34.0991,13.53,43,27.454973118279568
2019.25,2019,4,6253624,0,16,223,NA,0.0208,0.4792,0.4792,0.0208,0,0,30.9782,20.38,44,33.881875
2019.3333,2019,5,6253624,0,13,395,NA,0,0.1667,0.6667,0.1667,0,0,40.4985,25.04,45,35.54592741935484
2019.4167,2019,6,6253624,0,7,383,NA,0,0.0208,0.4792,0.4792,0.0208,0,58.7093,23.02,46,34.256625
2019.5,2019,7,6253624,0,20,857,NA,0,0,0.1667,0.6667,0.1667,0,66.6968,23.61,41,32.24927419354839
2019.5833,2019,8,6253624,0,12,832,NA,0,0,0.0208,0.4792,0.4792,0.0208,82.3369,23.85,35,28.929139784946237
2019.6667,2019,9,6253624,0,32,616,NA,0,0,0,0.1667,0.6667,0.1667,84.6202,23.09,36,29.04565277777778
2019.75,2019,10,6253624,0,33,374,NA,0.0208,0,0,0.0208,0.4792,0.4792,66.2679,18.32,37,28.575309139784945
2019.8333,2019,11,6253624,0,42,211,NA,0.1667,0,0,0,0.1667,0.6667,66.2409,16.67,34,26.48326388888889
2019.9167,2019,12,6253624,0,20,81,NA,0.4792,0.0208,0,0,0.0208,0.4792,56.8103,10.13,30.22,21.13436827956989
2020,2020,1,6658950,0,6,18,NA,0.6667,0.1667,0,0,0,0.1667,58.4555,7.16,30.61,19.042540322580646
2020.0833,2020,2,6658950,0,0,20,NA,0.4792,0.4792,0.0208,0,0,0.0208,43.6873,10.16,35,23.353290229885058
2020.1667,2020,3,6658950,0,1,28,NA,0.1667,0.6667,0.1667,0,0,0,42.5088,13.4,39,26.80633064516129
2020.25,2020,4,6658950,0,0,31,NA,0.0208,0.4792,0.4792,0.0208,0,0,33.7907,20.32,44,33.63152777777778
2020.3333,2020,5,6658950,0,0,31,NA,0,0.1667,0.6667,0.1667,0,0,36.9612,25.81,45,36.664032258064516
2020.4167,2020,6,6658950,0,0,29,NA,0,0.0208,0.4792,0.4792,0.0208,0,65.8362,22.65,42,32.54113888888889
2020.5,2020,7,6658950,0,1,44,NA,0,0,0.1667,0.6667,0.1667,0,74.9688,24.3,39,31.359153225806452
2020.5833,2020,8,6658950,0,9,109,NA,0,0,0.0208,0.4792,0.4792,0.0208,87.2606,23.6,36,28.841397849462364
2020.6667,2020,9,6658950,0,18,126,NA,0,0,0,0.1667,0.6667,0.1667,77.5153,23.84,41,31.410625
2020.75,2020,10,6658950,0,15,135,NA,0.0208,0,0,0.0208,0.4792,0.4792,55.2115,18.37,39,30.30247311827957
2020.8333,2020,11,6658950,0,9,35,NA,0.1667,0,0,0,0.1667,0.6667,50.6107,13.02,35,24.311902777777778
2020.9167,2020,12,6658950,0,4,12,NA,0.4792,0.0208,0,0,0.0208,0.4792,54.7101,8.14,34.39,21.641290322580645
2021,2021,1,6799369,0,0,13,NA,0.6667,0.1667,0,0,0,0.1667,56.1908,9.17,31,20.42146505376344
2021.0833,2021,2,6799369,0,1,7,NA,0.4792,0.4792,0.0208,0,0,0.0208,44.1245,11.2,39,24.463854166666668
2021.1667,2021,3,6799369,0,1,11,NA,0.1667,0.6667,0.1667,0,0,0,34.4734,13.28,44,30.087513440860214
2021.25,2021,4,6799369,0,0,4,NA,0.0208,0.4792,0.4792,0.0208,0,0,31.7094,20.66,44,34.229625
2021.3333,2021,5,6799369,0,0,6,NA,0,0.1667,0.6667,0.1667,0,0,50.9678,22.66,45,34.56815860215054
2021.4167,2021,6,6799369,0,1,41,NA,0,0.0208,0.4792,0.4792,0.0208,0,65.7888,23.4,41,32.369416666666666
2021.5,2021,7,6799369,0,9,136,NA,0,0,0.1667,0.6667,0.1667,0,74.6238,25.01,39,30.887513440860214
2021.5833,2021,8,6799369,0,29,244,NA,0,0,0.0208,0.4792,0.4792,0.0208,72.6424,23.38,37,30.230685483870968
2021.6667,2021,9,6799369,0,27,280,NA,0,0,0,0.1667,0.6667,0.1667,85.7369,24.17,36,29.088805555555556
2021.75,2021,10,6799369,0,23,135,NA,0.0208,0,0,0.0208,0.4792,0.4792,64.3266,15.16,37,28.722244623655914
2021.8333,2021,11,6799369,0,39,102,NA,0.1667,0,0,0,0.1667,0.6667,47.615,14,34.61,25.12141666666667
2021.9167,2021,12,6799369,0,8,8,NA,0.4792,0.0208,0,0,0.0208,0.4792,60.7472,9.39,30.39,20.820631720430107
2022,2022,1,6954613,0,1,3,NA,0.6667,0.1667,0,0,0,0.1667,63.0938,6.89,30.61,19.231612903225805
2022.0833,2022,2,6954613,0,2,5,NA,0.4792,0.4792,0.0208,0,0,0.0208,49.7961,10.66,35,23.821324404761906
2022.1667,2022,3,6954613,0,0,20,NA,0.1667,0.6667,0.1667,0,0,0,33.7478,16.64,43,30.64173387096774
2022.25,2022,4,6954613,0,2,55,NA,0.0208,0.4792,0.4792,0.0208,0,0,32.4285,22.47,44.81,34.548722222222224
2022.3333,2022,5,6954613,0,4,97,NA,0,0.1667,0.6667,0.1667,0,0,44.7903,24.79,48,36.76712365591398
2022.4167,2022,6,6954613,0,0,89,NA,0,0.0208,0.4792,0.4792,0.0208,0,57.3436,25.66,45,35.234375
2022.5,2022,7,6954613,0,4,170,NA,0,0,0.1667,0.6667,0.1667,0,82.2254,23.51,38,30.2117876344086
2022.5833,2022,8,6954613,0,55,304,NA,0,0,0.0208,0.4792,0.4792,0.0208,83.5073,23.7,37,29.821021505376343
2022.6667,2022,9,6954613,0,29,275,NA,0,0,0,0.1667,0.6667,0.1667,74.54,23.63,40,30.81365277777778
2022.75,2022,10,6954613,0,34,151,NA,0.0208,0,0,0.0208,0.4792,0.4792,58.6666,17.69,38,29.21486559139785
2022.8333,2022,11,6954613,0,37,81,NA,0.1667,0,0,0,0.1667,0.6667,52.6587,12.3,38,25.563166666666667
2022.9167,2022,12,6954613,0,14,31,NA,0.4792,0.0208,0,0,0.0208,0.4792,52.3722,10.13,34,23.09399193548387
2023,2023,1,7063828,0,4,11,NA,0.6667,0.1667,0,0,0,0.1667,53.4726,7.8,30,19.72434139784946
2023.0833,2023,2,7063828,0,3,9,NA,0.4792,0.4792,0.0208,0,0,0.0208,43.8037,10.9,37.72,24.389955357142856
2023.1667,2023,3,7063828,0,2,11,NA,0.1667,0.6667,0.1667,0,0,0,40.47,17.52,38.72,28.32029569892473
2023.25,2023,4,7063828,0,1,32,NA,0.0208,0.4792,0.4792,0.0208,0,0,35.8414,21.12,41.39,32.00015277777778
2023.3333,2023,5,7063828,0,2,75,NA,0,0.1667,0.6667,0.1667,0,0,44.2812,21.53,44.39,34.28174731182796
2023.4167,2023,6,7063828,0,1,84,NA,0,0.0208,0.4792,0.4792,0.0208,0,63.7469,21.54,40.89,32.27016666666667
2023.5,2023,7,7063828,0,6,138,NA,0,0,0.1667,0.6667,0.1667,0,79.1364,24.43,36,30.071908602150536
2023.5833,2023,8,7063828,0,31,316,NA,0,0,0.0208,0.4792,0.4792,0.0208,72.5125,25.04,35.5,29.63439516129032
2023.6667,2023,9,7063828,0,27,202,NA,0,0,0,0.1667,0.6667,0.1667,71.7221,24.05,37,30.13025
2023.75,2023,10,7063828,0,30,101,NA,0.0208,0,0,0.0208,0.4792,0.4792,56.1606,20.35,37,29.434395161290322
2023.8333,2023,11,7063828,0,42,156,NA,0.1667,0,0,0,0.1667,0.6667,54.4059,15.97,36.5,25.548416666666668
2023.9167,2023,12,7063828,0,25,58,NA,0.4792,0.0208,0,0,0.0208,0.4792,60.0611,13.38,29.61,22.53918010752688
