time,year,month,pop,PF,time_end
1997,1997,1,2277405.338,192,1997.0833333333333
1997.0833,1997,2,2277405.338,123,1997.1666666666667
1997.1667,1997,3,2277405.338,82,1997.25
1997.25,1997,4,2277405.338,71,1997.3333333333333
1997.3333,1997,5,2277405.338,60,1997.4166666666667
1997.4167,1997,6,2277405.338,122,1997.5
1997.5,1997,7,2277405.338,263,1997.5833333333333
1997.5833,1997,8,2277405.338,444,1997.6666666666667
1997.6667,1997,9,2277405.338,772,1997.75
1997.75,1997,10,2277405.338,691,1997.8333333333333
1997.8333,1997,11,2277405.338,408,1997.9166666666667
1997.9167,1997,12,2277405.338,320,1998
1998,1998,1,2406827.247,194,1998.0833333333333
1998.0833,1998,2,2406827.247,89,1998.1666666666667
1998.1667,1998,3,2406827.247,50,1998.25
1998.25,1998,4,2406827.247,32,1998.3333333333333
1998.3333,1998,5,2406827.247,26,1998.4166666666667
1998.4167,1998,6,2406827.247,40,1998.5
1998.5,1998,7,2406827.247,70,1998.5833333333333
1998.5833,1998,8,2406827.247,221,1998.6666666666667
1998.6667,1998,9,2406827.247,727,1998.75
1998.75,1998,10,2406827.247,799,1998.8333333333333
1998.8333,1998,11,2406827.247,645,1998.9166666666667
1998.9167,1998,12,2406827.247,379,1999
1999,1999,1,2543604.031,236,1999.0833333333333
1999.0833,1999,2,2543604.031,115,1999.1666666666667
1999.1667,1999,3,2543604.031,65,1999.25
1999.25,1999,4,2543604.031,75,1999.3333333333333
1999.3333,1999,5,2543604.031,95,1999.4166666666667
1999.4167,1999,6,2543604.031,196,1999.5
1999.5,1999,7,2543604.031,435,1999.5833333333333
1999.5833,1999,8,2543604.031,882,1999.6666666666667
1999.6667,1999,9,2543604.031,885,1999.75
1999.75,1999,10,2543604.031,704,1999.8333333333333
1999.8333,1999,11,2543604.031,426,1999.9166666666667
1999.9167,1999,12,2543604.031,298,2000
2000,2000,1,2688153.657,146,2000.0833333333333
2000.0833,2000,2,2688153.657,77,2000.1666666666667
2000.1667,2000,3,2688153.657,41,2000.25
2000.25,2000,4,2688153.657,31,2000.3333333333333
2000.3333,2000,5,2688153.657,69,2000.4166666666667
2000.4167,2000,6,2688153.657,136,2000.5
2000.5,2000,7,2688153.657,420,2000.5833333333333
2000.5833,2000,8,2688153.657,643,2000.6666666666667
2000.6667,2000,9,2688153.657,764,2000.75
2000.75,2000,10,2688153.657,578,2000.8333333333333
2000.8333,2000,11,2688153.657,427,2000.9166666666667
2000.9167,2000,12,2688153.657,250,2001
2001,2001,1,2876374,180,2001.0833333333333
2001.0833,2001,2,2876374,69,2001.1666666666667
2001.1667,2001,3,2876374,54,2001.25
2001.25,2001,4,2876374,31,2001.3333333333333
2001.3333,2001,5,2876374,44,2001.4166666666667
2001.4167,2001,6,2876374,109,2001.5
2001.5,2001,7,2876374,298,2001.5833333333333
2001.5833,2001,8,2876374,868,2001.6666666666667
2001.6667,2001,9,2876374,1300,2001.75
2001.75,2001,10,2876374,750,2001.8333333333333
2001.8333,2001,11,2876374,672,2001.9166666666667
2001.9167,2001,12,2876374,406,2002
2002,2002,1,3045652.862,270,2002.0833333333333
2002.0833,2002,2,3045652.862,152,2002.1666666666667
2002.1667,2002,3,3045652.862,63,2002.25
2002.25,2002,4,3045652.862,65,2002.3333333333333
2002.3333,2002,5,3045652.862,52,2002.4166666666667
2002.4167,2002,6,3045652.862,30,2002.5
2002.5,2002,7,3045652.862,163,2002.5833333333333
2002.5833,2002,8,3045652.862,268,2002.6666666666667
2002.6667,2002,9,3045652.862,610,2002.75
2002.75,2002,10,3045652.862,689,2002.8333333333333
2002.8333,2002,11,3045652.862,303,2002.9166666666667
2002.9167,2002,12,3045652.862,261,2003
2003,2003,1,3224894.035,156,2003.0833333333333
2003.0833,2003,2,3224894.035,69,2003.1666666666667
2003.1667,2003,3,3224894.035,58,2003.25
2003.25,2003,4,3224894.035,27,2003.3333333333333
2003.3333,2003,5,3224894.035,34,2003.4166666666667
2003.4167,2003,6,3224894.035,29,2003.5
2003.5,2003,7,3224894.035,146,2003.5833333333333
2003.5833,2003,8,3224894.035,313,2003.6666666666667
2003.6667,2003,9,3224894.035,667,2003.75
2003.75,2003,10,3224894.035,583,2003.8333333333333
2003.8333,2003,11,3224894.035,294,2003.9166666666667
2003.9167,2003,12,3224894.035,363,2004
2004,2004,1,3414683.816,145,2004.0833333333333
2004.0833,2004,2,3414683.816,61,2004.1666666666667
2004.1667,2004,3,3414683.816,51,2004.25
2004.25,2004,4,3414683.816,34,2004.3333333333333
2004.3333,2004,5,3414683.816,36,2004.4166666666667
2004.4167,2004,6,3414683.816,35,2004.5
2004.5,2004,7,3414683.816,189,2004.5833333333333
2004.5833,2004,8,3414683.816,527,2004.6666666666667
2004.6667,2004,9,3414683.816,616,2004.75
2004.75,2004,10,3414683.816,436,2004.8333333333333
2004.8333,2004,11,3414683.816,327,2004.9166666666667
2004.9167,2004,12,3414683.816,336,2005
2005,2005,1,3615643.006,165,2005.0833333333333
2005.0833,2005,2,3615643.006,72,2005.1666666666667
2005.1667,2005,3,3615643.006,43,2005.25
2005.25,2005,4,3615643.006,29,2005.3333333333333
2005.3333,2005,5,3615643.006,30,2005.4166666666667
2005.4167,2005,6,3615643.006,40,2005.5
2005.5,2005,7,3615643.006,84,2005.5833333333333
2005.5833,2005,8,3615643.006,265,2005.6666666666667
2005.6667,2005,9,3615643.006,618,2005.75
2005.75,2005,10,3615643.006,612,2005.8333333333333
2005.8333,2005,11,3615643.006,400,2005.9166666666667
2005.9167,2005,12,3615643.006,311,2006
2006,2006,1,3828428.941,161,2006.0833333333333
2006.0833,2006,2,3828428.941,82,2006.1666666666667
2006.1667,2006,3,3828428.941,47,2006.25
2006.25,2006,4,3828428.941,32,2006.3333333333333
2006.3333,2006,5,3828428.941,51,2006.4166666666667
2006.4167,2006,6,3828428.941,84,2006.5
2006.5,2006,7,3828428.941,214,2006.5833333333333
2006.5833,2006,8,3828428.941,1012,2006.6666666666667
2006.6667,2006,9,3828428.941,1434,2006.75
2006.75,2006,10,3828428.941,577,2006.8333333333333
2006.8333,2006,11,3828428.941,670,2006.9166666666667
2006.9167,2006,12,3828428.941,531,2007
2007,2007,1,4053737.643,221,2007.0833333333333
2007.0833,2007,2,4053737.643,86,2007.1666666666667
2007.1667,2007,3,4053737.643,52,2007.25
2007.25,2007,4,4053737.643,43,2007.3333333333333
2007.3333,2007,5,4053737.643,98,2007.4166666666667
2007.4167,2007,6,4053737.643,80,2007.5
2007.5,2007,7,4053737.643,161,2007.5833333333333
2007.5833,2007,8,4053737.643,529,2007.6666666666667
2007.6667,2007,9,4053737.643,886,2007.75
2007.75,2007,10,4053737.643,1107,2007.8333333333333
2007.8333,2007,11,4053737.643,689,2007.9166666666667
2007.9167,2007,12,4053737.643,435,2008
2008,2008,1,4072928,163,2008.0833333333333
2008.0833,2008,2,4072928,57,2008.1666666666667
2008.1667,2008,3,4072928,28,2008.25
2008.25,2008,4,4072928,57,2008.3333333333333
2008.3333,2008,5,4072928,39,2008.4166666666667
2008.4167,2008,6,4072928,66,2008.5
2008.5,2008,7,4072928,284,2008.5833333333333
2008.5833,2008,8,4072928,528,2008.6666666666667
2008.6667,2008,9,4072928,1521,2008.75
2008.75,2008,10,4072928,1058,2008.8333333333333
2008.8333,2008,11,4072928,618,2008.9166666666667
2008.9167,2008,12,4072928,230,2009
2009,2009,1,4243741,208,2009.0833333333333
2009.0833,2009,2,4243741,115,2009.1666666666667
2009.1667,2009,3,4243741,95,2009.25
2009.25,2009,4,4243741,39,2009.3333333333333
2009.3333,2009,5,4243741,40,2009.4166666666667
2009.4167,2009,6,4243741,60,2009.5
2009.5,2009,7,4243741,145,2009.5833333333333
2009.5833,2009,8,4243741,580,2009.6666666666667
2009.6667,2009,9,4243741,741,2009.75
2009.75,2009,10,4243741,714,2009.8333333333333
2009.8333,2009,11,4243741,539,2009.9166666666667
2009.9167,2009,12,4243741,297,2010
2010,2010,1,4414554,146,2010.0833333333333
2010.0833,2010,2,4414554,80,2010.1666666666667
2010.1667,2010,3,4414554,52,2010.25
2010.25,2010,4,4414554,36,2010.3333333333333
2010.3333,2010,5,4414554,28,2010.4166666666667
2010.4167,2010,6,4414554,16,2010.5
2010.5,2010,7,4414554,154,2010.5833333333333
2010.5833,2010,8,4414554,519,2010.6666666666667
2010.6667,2010,9,4414554,860,2010.75
2010.75,2010,10,4414554,1067,2010.8333333333333
2010.8333,2010,11,4414554,817,2010.9166666666667
2010.9167,2010,12,4414554,503,2011
2011,2011,1,4585367,159,2011.0833333333333
2011.0833,2011,2,4585367,53,2011.1666666666667
2011.1667,2011,3,4585367,35,2011.25
2011.25,2011,4,4585367,38,2011.3333333333333
2011.3333,2011,5,4585367,15,2011.4166666666667
2011.4167,2011,6,4585367,34,2011.5
2011.5,2011,7,4585367,120,2011.5833333333333
2011.5833,2011,8,4585367,563,2011.6666666666667
2011.6667,2011,9,4585367,1051,2011.75
2011.75,2011,10,4585367,739,2011.8333333333333
2011.8333,2011,11,4585367,406,2011.9166666666667
2011.9167,2011,12,4585367,254,2012
2012,2012,1,4706296,82,2012.0833333333333
2012.0833,2012,2,4706296,32,2012.1666666666667
2012.1667,2012,3,4706296,11,2012.25
2012.25,2012,4,4706296,7,2012.3333333333333
2012.3333,2012,5,4706296,13,2012.4166666666667
2012.4167,2012,6,4706296,22,2012.5
2012.5,2012,7,4706296,69,2012.5833333333333
2012.5833,2012,8,4706296,358,2012.6666666666667
2012.6667,2012,9,4706296,568,2012.75
2012.75,2012,10,4706296,745,2012.8333333333333
2012.8333,2012,11,4706296,272,2012.9166666666667
2012.9167,2012,12,4706296,111,2013
2013,2013,1,4891945,45,2013.0833333333333
2013.0833,2013,2,4891945,18,2013.1666666666667
2013.1667,2013,3,4891945,13,2013.25
2013.25,2013,4,4891945,5,2013.3333333333333
2013.3333,2013,5,4891945,6,2013.4166666666667
2013.4167,2013,6,4891945,9,2013.5
2013.5,2013,7,4891945,125,2013.5833333333333
2013.5833,2013,8,4891945,298,2013.6666666666667
2013.6667,2013,9,4891945,405,2013.75
2013.75,2013,10,4891945,384,2013.8333333333333
2013.8333,2013,11,4891945,404,2013.9166666666667
2013.9167,2013,12,4891945,145,2014
2014,2014,1,5084688,52,2014.0833333333333
2014.0833,2014,2,5084688,19,2014.1666666666667
2014.1667,2014,3,5084688,21,2014.25
2014.25,2014,4,5084688,13,2014.3333333333333
2014.3333,2014,5,5084688,14,2014.4166666666667
2014.4167,2014,6,5084688,16,2014.5
2014.5,2014,7,5084688,35,2014.5833333333333
2014.5833,2014,8,5084688,127,2014.6666666666667
2014.6667,2014,9,5084688,266,2014.75
2014.75,2014,10,5084688,266,2014.8333333333333
2014.8333,2014,11,5084688,209,2014.9166666666667
2014.9167,2014,12,5084688,208,2015
2015,2015,1,5284688,44,2015.0833333333333
2015.0833,2015,2,5284688,12,2015.1666666666667
2015.1667,2015,3,5284688,6,2015.25
2015.25,2015,4,5284688,12,2015.3333333333333
2015.3333,2015,5,5284688,21,2015.4166666666667
2015.4167,2015,6,5284688,17,2015.5
2015.5,2015,7,5284688,120,2015.5833333333333
2015.5833,2015,8,5284688,218,2015.6666666666667
2015.6667,2015,9,5284688,368,2015.75
2015.75,2015,10,5284688,394,2015.8333333333333
2015.8333,2015,11,5284688,188,2015.9166666666667
2015.9167,2015,12,5284688,136,2016
2016,2016,1,5799965,26,2016.0833333333333
2016.0833,2016,2,5799965,7,2016.1666666666667
2016.1667,2016,3,5799965,13,2016.25
2016.25,2016,4,5799965,10,2016.3333333333333
2016.3333,2016,5,5799965,6,2016.4166666666667
2016.4167,2016,6,5799965,14,2016.5
2016.5,2016,7,5799965,54,2016.5833333333333
2016.5833,2016,8,5799965,163,2016.6666666666667
2016.6667,2016,9,5799965,326,2016.75
2016.75,2016,10,5799965,341,2016.8333333333333
2016.8333,2016,11,5799965,345,2016.9166666666667
2016.9167,2016,12,5799965,80,2017
2017,2017,1,6159129,31,2017.0833333333333
2017.0833,2017,2,6159129,15,2017.1666666666667
2017.1667,2017,3,6159129,11,2017.25
2017.25,2017,4,6159129,3,2017.3333333333333
2017.3333,2017,5,6159129,7,2017.4166666666667
2017.4167,2017,6,6159129,11,2017.5
2017.5,2017,7,6159129,38,2017.5833333333333
2017.5833,2017,8,6159129,154,2017.6666666666667
2017.6667,2017,9,6159129,164,2017.75
2017.75,2017,10,6159129,217,2017.8333333333333
2017.8333,2017,11,6159129,185,2017.9166666666667
2017.9167,2017,12,6159129,47,2018
2018,2018,1,6499723,10,2018.0833333333333
2018.0833,2018,2,6499723,2,2018.1666666666667
2018.1667,2018,3,6499723,4,2018.25
2018.25,2018,4,6499723,4,2018.3333333333333
2018.3333,2018,5,6499723,7,2018.4166666666667
2018.4167,2018,6,6499723,7,2018.5
2018.5,2018,7,6499723,29,2018.5833333333333
2018.5833,2018,8,6499723,77,2018.6666666666667
2018.6667,2018,9,6499723,95,2018.75
2018.75,2018,10,6499723,108,2018.8333333333333
2018.8333,2018,11,6499723,68,2018.9166666666667
2018.9167,2018,12,6499723,38,2019
2019,2019,1,6379322,7,2019.0833333333333
2019.0833,2019,2,6379322,1,2019.1666666666667
2019.1667,2019,3,6379322,1,2019.25
2019.25,2019,4,6379322,0,2019.3333333333333
2019.3333,2019,5,6379322,2,2019.4166666666667
2019.4167,2019,6,6379322,2,2019.5
2019.5,2019,7,6379322,20,2019.5833333333333
2019.5833,2019,8,6379322,35,2019.6666666666667
2019.6667,2019,9,6379322,60,2019.75
2019.75,2019,10,6379322,85,2019.8333333333333
2019.8333,2019,11,6379322,66,2019.9166666666667
2019.9167,2019,12,6379322,39,2020
2020,2020,1,6468350,4,2020.0833333333333
2020.0833,2020,2,6468350,0,2020.1666666666667
2020.1667,2020,3,6468350,1,2020.25
2020.25,2020,4,6468350,0,2020.3333333333333
2020.3333,2020,5,6468350,1,2020.4166666666667
2020.4167,2020,6,6468350,0,2020.5
2020.5,2020,7,6468350,0,2020.5833333333333
2020.5833,2020,8,6468350,4,2020.6666666666667
2020.6667,2020,9,6468350,6,2020.75
2020.75,2020,10,6468350,2,2020.8333333333333
2020.8333,2020,11,6468350,7,2020.9166666666667
2020.9167,2020,12,6468350,2,2021
2021,2021,1,6835972,1,2021.0833333333333
2021.0833,2021,2,6835972,2,2021.1666666666667
2021.1667,2021,3,6835972,0,2021.25
2021.25,2021,4,6835972,0,2021.3333333333333
2021.3333,2021,5,6835972,0,2021.4166666666667
2021.4167,2021,6,6835972,1,2021.5
2021.5,2021,7,6835972,1,2021.5833333333333
2021.5833,2021,8,6835972,4,2021.6666666666667
2021.6667,2021,9,6835972,7,2021.75
2021.75,2021,10,6835972,20,2021.8333333333333
2021.8333,2021,11,6835972,18,2021.9166666666667
2021.9167,2021,12,6835972,16,2022
2022,2022,1,6957063,3,2022.0833333333333
2022.0833,2022,2,6957063,0,2022.1666666666667
2022.1667,2022,3,6957063,0,2022.25
2022.25,2022,4,6957063,0,2022.3333333333333
2022.3333,2022,5,6957063,0,2022.4166666666667
2022.4167,2022,6,6957063,2,2022.5
2022.5,2022,7,6957063,2,2022.5833333333333
2022.5833,2022,8,6957063,4,2022.6666666666667
2022.6667,2022,9,6957063,9,2022.75
2022.75,2022,10,6957063,19,2022.8333333333333
2022.8333,2022,11,6957063,17,2022.9166666666667
2022.9167,2022,12,6957063,11,2023
2023,2023,1,6907669,7,2023.0833333333333
2023.0833,2023,2,6907669,1,2023.1666666666667
2023.1667,2023,3,6907669,3,2023.25
2023.25,2023,4,6907669,3,2023.3333333333333
2023.3333,2023,5,6907669,0,2023.4166666666667
2023.4167,2023,6,6907669,1,2023.5
2023.5,2023,7,6907669,7,2023.5833333333333
2023.5833,2023,8,6907669,7,2023.6666666666667
2023.6667,2023,9,6907669,3,2023.75
2023.75,2023,10,6907669,9,2023.8333333333333
2023.8333,2023,11,6907669,13,2023.9166666666667
2023.9167,2023,12,6907669,20,2024
