time,year,month,pop,dpopdt,PF,season1,season2,season3,season4,season5,season6,hadISD,ERA5,Min_Temp,Max_Temp,Mean_Temp
1997,1997,1,2277405.338,169393.6875,192,0.6667,0.1667,0,0,0,0.1667,46.8688,49.6648,14.6,29.2,21.884955752212388
1997.0833,1997,2,2277405.338,169386.4453,123,0.4793,0.479,0.0208,0,0,0.0209,42.0666,46.9615,16.4,35,24.061576354679804
1997.1667,1997,3,2277405.338,169380.7382,82,0.1666,0.6667,0.1668,0,0,0,40.1036,42.5797,21.9,39.8,28.84626168224299
1997.25,1997,4,2277405.338,169376.5798,71,0.0208,0.4792,0.4792,0.0208,0,0,52.2857,55.0168,23.2,39.2,29.32112676056338
1997.3333,1997,5,2277405.338,169374.7772,60,0,0.1668,0.6667,0.1666,0,0,63.512,65.4962,26.2,36.6,30.55
1997.4167,1997,6,2277405.338,169376.1484,122,0,0.0208,0.479,0.4793,0.0209,0,75.1328,79.5766,24.6,35.6,29.56831683168317
1997.5,1997,7,2277405.338,169380.6901,263,0,0,0.1667,0.6667,0.1667,0,79.0365,85.6789,25.6,32.6,28.99170305676856
1997.5833,1997,8,2277405.338,169388.1508,444,0,0,0.0209,0.4793,0.479,0.0208,79.8079,86.7026,25,31.4,28.28108108108108
1997.6667,1997,9,2277405.338,169398.2925,772,0,0,0,0.1666,0.6667,0.1668,76.0824,84.3979,25,31.8,28.332444444444445
1997.75,1997,10,2277405.338,169411.0911,691,0.0208,0,0,0.0208,0.4792,0.4792,58.5111,64.5919,18.2,35.6,28.955263157894738
1997.8333,1997,11,2277405.338,169426.6658,408,0.1666,0,0,0,0.1668,0.6667,57.9066,59.2115,20.6,34.6,27.747524752475247
1997.9167,1997,12,2277405.338,169445.1497,320,0.4793,0.0209,0,0,0.0208,0.479,61.0412,62.7804,10.8,30.6,23.101904761904763
1998,1998,1,2406827.247,169466.4982,194,0.6667,0.1667,0,0,0,0.1667,52.0404,51.124,13.6,31.6,23.12547169811321
1998.0833,1998,2,2406827.247,169490.6809,89,0.4793,0.479,0.0208,0,0,0.0209,45.9464,49.2866,16.8,33.4,24.85532994923858
1998.1667,1998,3,2406827.247,169517.6807,50,0.1666,0.6667,0.1668,0,0,0,47.5561,49.6527,19.6,37.6,28.169333333333334
1998.25,1998,4,2406827.247,169547.4329,32,0.0208,0.4792,0.4792,0.0208,0,0,59.6326,59.7928,23.1,40.2,31.060526315789474
1998.3333,1998,5,2406827.247,169579.9882,26,0,0.1668,0.6667,0.1666,0,0,62.7342,62.8432,28,40.6,32.649785407725325
1998.4167,1998,6,2406827.247,169615.4109,40,0,0.0208,0.479,0.4793,0.0209,0,70.3285,75.2769,26.6,38.8,31.447524752475246
1998.5,1998,7,2406827.247,169653.6159,70,0,0,0.1667,0.6667,0.1667,0,78.5626,86.0779,24.9,33.6,29.415841584158414
1998.5833,1998,8,2406827.247,169694.6457,221,0,0,0.0209,0.4793,0.479,0.0208,80.6189,86.0167,25.8,33.8,28.732558139534884
1998.6667,1998,9,2406827.247,169738.5561,727,0,0,0,0.1666,0.6667,0.1668,76.8761,82.8986,25.2,36,29.0174358974359
1998.75,1998,10,2406827.247,169785.2417,799,0.0208,0,0,0.0208,0.4792,0.4792,70.1979,75.822,23.2,35.6,29.075213675213675
1998.8333,1998,11,2406827.247,169834.7298,645,0.1666,0,0,0,0.1668,0.6667,56.9918,56.7923,20.4,33.6,26.668202764976957
1998.9167,1998,12,2406827.247,169887.0611,379,0.4793,0.0209,0,0,0.0208,0.479,50.6337,47.8712,12.8,32.2,24.241474654377882
1999,1999,1,2543604.031,169942.11,236,0.6667,0.1667,0,0,0,0.1667,53.1189,52.3153,13.6,30.6,23.004020100502512
1999.0833,1999,2,2543604.031,169999.9944,115,0.4793,0.479,0.0208,0,0,0.0209,53.6134,53.8257,16.8,34.6,26.356862745098038
1999.1667,1999,3,2543604.031,170060.8453,65,0.1666,0.6667,0.1668,0,0,0,47.1773,44.4076,20.4,39.6,28.8607476635514
1999.25,1999,4,2543604.031,170124.5169,75,0.0208,0.4792,0.4792,0.0208,0,0,60.5532,58.5118,25.6,39.6,30.572115384615383
1999.3333,1999,5,2543604.031,170190.9655,95,0,0.1668,0.6667,0.1666,0,0,69.844,70.3923,27,35.8,30.49537037037037
1999.4167,1999,6,2543604.031,170260.1608,196,0,0.0208,0.479,0.4793,0.0209,0,72.4512,77.6836,26,33.6,30.240350877192984
1999.5,1999,7,2543604.031,170331.937,435,0,0,0.1667,0.6667,0.1667,0,80.0984,85.1662,25.8,32.2,28.728909952606635
1999.5833,1999,8,2543604.031,170406.6011,882,0,0,0.0209,0.4793,0.479,0.0208,78.0658,85.0264,25.6,31.4,28.232093023255814
1999.6667,1999,9,2543604.031,170484.4744,885,0,0,0,0.1666,0.6667,0.1668,74.1933,80.7054,25.4,33.8,28.795073891625616
1999.75,1999,10,2543604.031,170565.3701,704,0.0208,0,0,0.0208,0.4792,0.4792,67.4278,73.5594,23.4,34.6,28.36551724137931
1999.8333,1999,11,2543604.031,170648.9306,426,0.1666,0,0,0,0.1668,0.6667,49.7762,49.2438,20,33,26.78388625592417
1999.9167,1999,12,2543604.031,170734.811,298,0.4793,0.0209,0,0,0.0208,0.479,47.618,45.189,15,30.6,23.850471698113207
2000,2000,1,2688153.657,170822.8055,146,0.6667,0.1667,0,0,0,0.1667,48.22,49.1658,14.4,31.4,23.727860696517414
2000.0833,2000,2,2688153.657,170913.9837,77,0.4793,0.479,0.0208,0,0,0.0209,46.8327,48.1966,14.8,34.8,23.91409090909091
2000.1667,2000,3,2688153.657,171009.4303,41,0.1666,0.6667,0.1668,0,0,0,44.6216,48.1191,18.2,38.2,27.83876651982379
2000.25,2000,4,2688153.657,171108.9166,31,0.0208,0.4792,0.4792,0.0208,0,0,62.0694,61.6121,25.6,38.4,30.25759162303665
2000.3333,2000,5,2688153.657,171210.2868,69,0,0.1668,0.6667,0.1666,0,0,75.9085,72.1326,25.8,34,30.02696629213483
2000.4167,2000,6,2688153.657,171311.3942,136,0,0.0208,0.479,0.4793,0.0209,0,76.1713,74.2447,24.4,35,30.480916030534353
2000.5,2000,7,2688153.657,171411.9964,420,0,0,0.1667,0.6667,0.1667,0,87.1902,85.385,24.6,31.4,28.00167597765363
2000.5833,2000,8,2688153.657,171508.8257,643,0,0,0.0209,0.4793,0.479,0.0208,83.7473,84.2356,25,32.8,28.45047169811321
2000.6667,2000,9,2688153.657,171598.5964,764,0,0,0,0.1666,0.6667,0.1668,76.447,79.9502,23.2,36.6,28.858415841584158
2000.75,2000,10,2688153.657,171681.0931,578,0.0208,0,0,0.0208,0.4792,0.4792,70.3729,66.6999,18,37.8,28.604867256637167
2000.8333,2000,11,2688153.657,171757.4503,427,0.1666,0,0,0,0.1668,0.6667,58.5987,44.921,12,36.5,25.417241379310344
2000.9167,2000,12,2688153.657,171828.7729,250,0.4793,0.0209,0,0,0.0208,0.479,52.0205,42.5193,10.9,34.1,22.708910891089108
2001,2001,1,2876374,171894.8898,180,0.6667,0.1667,0,0,0,0.1667,54.4908,46.608,12,33.2,21.470833333333335
2001.0833,2001,2,2876374,171955.3672,69,0.4793,0.479,0.0208,0,0,0.0209,57.0703,50.9363,9.4,35,22.83444976076555
2001.1667,2001,3,2876374,172009.7443,54,0.1666,0.6667,0.1668,0,0,0,63.5322,58.0893,14.2,36.8,26.42241379310345
2001.25,2001,4,2876374,172057.8906,31,0.0208,0.4792,0.4792,0.0208,0,0,58.9356,52.6522,19,39.8,29.74123222748815
2001.3333,2001,5,2876374,172100.2435,44,0,0.1668,0.6667,0.1666,0,0,73.6202,68.8237,24.8,38.4,30.25854700854701
2001.4167,2001,6,2876374,172137.2125,109,0,0.0208,0.479,0.4793,0.0209,0,81.631,80.6781,24.6,34.2,29.170243902439026
2001.5,2001,7,2876374,172168.709,298,0,0,0.1667,0.6667,0.1667,0,86.8856,87.0243,25,32,27.685903083700442
2001.5833,2001,8,2876374,172194.3913,868,0,0,0.0209,0.4793,0.479,0.0208,84.1969,86.2609,24.8,32,27.877
2001.6667,2001,9,2876374,172213.8894,1300,0,0,0,0.1666,0.6667,0.1668,78.1832,81.7417,24,36,29.0605
2001.75,2001,10,2876374,172227.1568,750,0.0208,0,0,0.0208,0.4792,0.4792,73.2574,66.8531,18.6,36.6,28.04083333333333
2001.8333,2001,11,2876374,172234.7909,672,0.1666,0,0,0,0.1668,0.6667,54.6361,42.6006,15.2,35.8,25.94090909090909
2001.9167,2001,12,2876374,172237.3622,406,0.4793,0.0209,0,0,0.0208,0.479,58.6012,47.6959,11.4,33,22.884684684684686
2002,2002,1,3045652.862,172234.8645,270,0.6667,0.1667,0,0,0,0.1667,54.1442,48.5218,9.4,32.2,21.513471502590672
2002.0833,2002,2,3045652.862,172226.3864,152,0.4793,0.479,0.0208,0,0,0.0209,49.2556,43.9405,9.4,35.6,24.262626262626263
2002.1667,2002,3,3045652.862,172210.9879,63,0.1666,0.6667,0.1668,0,0,0,58.2544,49.769,16.6,41,26.947441860465116
2002.25,2002,4,3045652.862,172188.706,65,0.0208,0.4792,0.4792,0.0208,0,0,63.0678,57.6277,18,41.6,29.747345132743362
2002.3333,2002,5,3045652.862,172160.8249,52,0,0.1668,0.6667,0.1666,0,0,72.7713,66.7506,23.6,43,30.988127853881277
2002.4167,2002,6,3045652.862,172128.6022,30,0,0.0208,0.479,0.4793,0.0209,0,79.4918,75.1388,25,36,29.768421052631577
2002.5,2002,7,3045652.862,172092.1151,163,0,0,0.1667,0.6667,0.1667,0,81.351,82.4764,24.4,31.6,28.823275862068964
2002.5833,2002,8,3045652.862,172051.3276,268,0,0,0.0209,0.4793,0.479,0.0208,86.9053,84.5527,24,32,27.039189189189187
2002.6667,2002,9,3045652.862,172003.3182,610,0,0,0,0.1666,0.6667,0.1668,80.3952,80.5707,23.4,36.4,27.75339366515837
2002.75,2002,10,3045652.862,171945.3442,689,0.0208,0,0,0.0208,0.4792,0.4792,70.0759,56.1205,16.4,38,28.39330357142857
2002.8333,2002,11,3045652.862,171877.3542,303,0.1666,0,0,0,0.1668,0.6667,60.3148,45.8599,13.2,35.4,24.971914893617022
2002.9167,2002,12,3045652.862,171805.9482,261,0.4793,0.0209,0,0,0.0208,0.479,63.5563,54.2225,10.6,35,22.79125
2003,2003,1,3224894.035,171737.9815,156,0.6667,0.1667,0,0,0,0.1667,56.0022,48.7607,9.2,34.6,22.587763713080168
2003.0833,2003,2,3224894.035,171673.3663,69,0.4793,0.479,0.0208,0,0,0.0209,64.013,57.1015,13.2,35.2,24.02748815165877
2003.1667,2003,3,3224894.035,171598.2803,58,0.1666,0.6667,0.1668,0,0,0,56.7011,46.0492,14.8,39.6,27.083561643835615
2003.25,2003,4,3224894.035,171499.1857,27,0.0208,0.4792,0.4792,0.0208,0,0,66.3078,59.8525,21,39.4,29.45374449339207
2003.3333,2003,5,3224894.035,171376.0068,34,0,0.1668,0.6667,0.1666,0,0,71.4436,64.3173,24.4,42.4,30.479148936170212
2003.4167,2003,6,3224894.035,171254.422,29,0,0.0208,0.479,0.4793,0.0209,0,81.6181,78.6914,24.4,38,29.912727272727274
2003.5,2003,7,3224894.035,171160.5301,146,0,0,0.1667,0.6667,0.1667,0,88.9578,88.0667,24.8,32.4,28.143043478260868
2003.5833,2003,8,3224894.035,171094.169,313,0,0,0.0209,0.4793,0.479,0.0208,87.0063,86.6202,24.2,32,27.821459227467813
2003.6667,2003,9,3224894.035,171161.3714,667,0,0,0,0.1666,0.6667,0.1668,83.0833,84.4765,24,32.2,27.793577981651378
2003.75,2003,10,3224894.035,171467.7847,583,0.0208,0,0,0.0208,0.4792,0.4792,69.8309,62.4495,17,36,27.335652173913044
2003.8333,2003,11,3224894.035,172013.346,294,0.1666,0,0,0,0.1668,0.6667,67.3493,54.6973,17,36.4,25.697872340425533
2003.9167,2003,12,3224894.035,172634.2962,363,0.4793,0.0209,0,0,0.0208,0.479,65.7137,52.8249,12.8,33.8,22.256903765690378
2004,2004,1,3414683.816,173164.6965,145,0.6667,0.1667,0,0,0,0.1667,65.4091,55.9307,10,32.6,21.164830508474576
2004.0833,2004,2,3414683.816,173605.3452,61,0.4793,0.479,0.0208,0,0,0.0209,58.7408,49.1941,12.2,35.6,23.275545851528385
2004.1667,2004,3,3414683.816,173997.4357,51,0.1666,0.6667,0.1668,0,0,0,50.8905,44.0805,15,40.6,28.39218106995885
2004.25,2004,4,3414683.816,174380.7556,34,0.0208,0.4792,0.4792,0.0208,0,0,71.7197,64.5851,21.6,38.8,29.41802575107296
2004.3333,2004,5,3414683.816,174755.78,36,0,0.1668,0.6667,0.1666,0,0,67.0979,63.3803,22.4,42.8,31.09623430962343
2004.4167,2004,6,3414683.816,175104.6927,35,0,0.0208,0.479,0.4793,0.0209,0,78.4957,78.1555,24.4,35,29.84778761061947
2004.5,2004,7,3414683.816,175408.4491,189,0,0,0.1667,0.6667,0.1667,0,85.3569,85.2647,24,34.4,28.214285714285715
2004.5833,2004,8,3414683.816,175667.4943,527,0,0,0.0209,0.4793,0.479,0.0208,88.6411,87.0106,23.4,30.6,27.083673469387755
2004.6667,2004,9,3414683.816,175891.7784,616,0,0,0,0.1666,0.6667,0.1668,78.9565,81.3058,24.2,36.6,28.597844827586208
2004.75,2004,10,3414683.816,176090.4598,436,0.0208,0,0,0.0208,0.4792,0.4792,68.0559,61.3094,19.4,36,27.44273858921162
2004.8333,2004,11,3414683.816,176263.8225,327,0.1666,0,0,0,0.1668,0.6667,60.4946,48.01,16.6,35.6,26.934763948497853
2004.9167,2004,12,3414683.816,176405.9041,336,0.4793,0.0209,0,0,0.0208,0.479,58.6995,50.1512,12.8,33.6,23.591416309012875
2005,2005,1,3615643.006,176510.2535,165,0.6667,0.1667,0,0,0,0.1667,56.1262,49.3603,11.4,30.6,20.64666666666667
2005.0833,2005,2,3615643.006,176577.0636,72,0.4793,0.479,0.0208,0,0,0.0209,55.152,51.985,12.2,38.6,22.992342342342344
2005.1667,2005,3,3615643.006,176611.6825,43,0.1666,0.6667,0.1668,0,0,0,56.9014,50.1729,18.2,37.4,27.211009174311926
2005.25,2005,4,3615643.006,176619.35,29,0.0208,0.4792,0.4792,0.0208,0,0,54.7627,47.1519,20,42.2,29.898701298701297
2005.3333,2005,5,3615643.006,176600.1237,30,0,0.1668,0.6667,0.1666,0,0,70.0069,63.5876,21.6,39,30.633469387755103
2005.4167,2005,6,3615643.006,176546.9911,40,0,0.0208,0.479,0.4793,0.0209,0,76.8441,73.8165,25.4,37.4,30.136563876651984
2005.5,2005,7,3615643.006,176453.1552,84,0,0,0.1667,0.6667,0.1667,0,82.6551,85.6081,25,33.8,28.92763157894737
2005.5833,2005,8,3615643.006,176318.5768,265,0,0,0.0209,0.4793,0.479,0.0208,84.173,85.8455,24,31.8,27.781196581196582
2005.6667,2005,9,3615643.006,176154.6757,618,0,0,0,0.1666,0.6667,0.1668,86.3568,85.7135,23.6,34.4,27.75877192982456
2005.75,2005,10,3615643.006,175973.4719,612,0.0208,0,0,0.0208,0.4792,0.4792,67.7269,61.5386,16.8,36.4,27.98861788617886
2005.8333,2005,11,3615643.006,175774.7795,400,0.1666,0,0,0,0.1668,0.6667,57.765,46.1431,12.6,34.6,24.85608695652174
2005.9167,2005,12,3615643.006,175536.731,311,0.4793,0.0209,0,0,0.0208,0.479,56.8978,46.7016,11.8,32.8,21.696202531645568
2006,2006,1,3828428.941,175238.3513,161,0.6667,0.1667,0,0,0,0.1667,56.6389,48.2853,10.6,35,22.078481012658226
2006.0833,2006,2,3828428.941,174879.3915,82,0.4793,0.479,0.0208,0,0,0.0209,53.4154,43.3221,15.2,37.6,25.761290322580646
2006.1667,2006,3,3828428.941,174500.6345,47,0.1666,0.6667,0.1668,0,0,0,54.7457,49.7094,15.8,39.6,26.925619834710744
2006.25,2006,4,3828428.941,174144.2126,32,0.0208,0.4792,0.4792,0.0208,0,0,65.8081,59.4625,20.6,40,29.127896995708156
2006.3333,2006,5,3828428.941,173809.6585,51,0,0.1668,0.6667,0.1666,0,0,73.4596,67.9044,26,38.8,30.393004115226336
2006.4167,2006,6,3828428.941,173416.0071,84,0,0.0208,0.479,0.4793,0.0209,0,78.11,74.6868,24.2,35.6,29.86
2006.5,2006,7,3828428.941,172883.7929,214,0,0,0.1667,0.6667,0.1667,0,87.1892,87.0154,24.8,31.6,28.152459016393443
2006.5833,2006,8,3828428.941,172212.6273,1012,0,0,0.0209,0.4793,0.479,0.0208,88.6924,86.7562,25.2,30.6,27.383673469387755
2006.6667,2006,9,3828428.941,171566.9863,1434,0,0,0,0.1666,0.6667,0.1668,83.431,84.0888,24.6,34.8,28.651
2006.75,2006,10,3828428.941,171113.5536,577,0.0208,0,0,0.0208,0.4792,0.4792,70.7656,65.9612,19.4,36.6,28.69710743801653
2006.8333,2006,11,3828428.941,170851.4404,670,0.1666,0,0,0,0.1668,0.6667,61.3566,50.2272,16.6,34.2,25.886808510638296
2006.9167,2006,12,3828428.941,170368.9264,531,0.4793,0.0209,0,0,0.0208,0.479,65.0006,55.4419,14.6,33.2,23.540677966101693
2007,2007,1,4053737.643,169256.4055,221,0.6667,0.1667,0,0,0,0.1667,58.9645,51.2306,12.8,34.8,22.53112033195021
2007.0833,2007,2,4053737.643,167513.6775,86,0.4793,0.479,0.0208,0,0,0.0209,65.4812,61.5434,14.6,35.6,24.517567567567568
2007.1667,2007,3,4053737.643,165255.5869,52,0.1666,0.6667,0.1668,0,0,0,51.0504,44.7258,18,41,27.89579831932773
2007.25,2007,4,4053737.643,162605.338,43,0.0208,0.4792,0.4792,0.0208,0,0,63.8033,56.295,21.6,42.2,30.145147679324893
2007.3333,2007,5,4053737.643,159560.4599,98,0,0.1668,0.6667,0.1666,0,0,71.0135,66.0057,22.8,40.4,30.63876651982379
2007.4167,2007,6,4053737.643,156504.511,80,0,0.0208,0.479,0.4793,0.0209,0,79.0188,77.6928,25.2,36,30.393220338983053
2007.5,2007,7,4053737.643,153831.8143,161,0,0,0.1667,0.6667,0.1667,0,85.9083,85.5305,24.2,32.2,28.713692946058092
2007.5833,2007,8,4053737.643,151538.478,529,0,0,0.0209,0.4793,0.479,0.0208,88.2089,87.4854,25,33.6,27.803418803418804
2007.6667,2007,9,4053737.643,149493.7419,886,0,0,0,0.1666,0.6667,0.1668,86.0916,84.9027,23,33.6,28.216309012875538
2007.75,2007,10,4053737.643,147574.1278,1107,0.0208,0,0,0.0208,0.4792,0.4792,67.9016,61.554,17,37,27.57381974248927
2007.8333,2007,11,4053737.643,145777.1102,689,0.1666,0,0,0,0.1668,0.6667,65.7219,59.4868,13,35.4,25.721397379912663
2007.9167,2007,12,4053737.643,144100.7527,435,0.4793,0.0209,0,0,0.0208,0.479,59.7155,52.2743,13.4,34,23.03801652892562
2008,2008,1,4072928,142603.2657,163,0.6667,0.1667,0,0,0,0.1667,59.4263,52.1011,12,34,20.90772357723577
2008.0833,2008,2,4072928,141336.7557,57,0.4793,0.479,0.0208,0,0,0.0209,49.9232,43.8399,9.8,36.4,21.53859649122807
2008.1667,2008,3,4072928,140300.1186,28,0.1666,0.6667,0.1668,0,0,0,60.865,54.6801,16,37,26.827642276422765
2008.25,2008,4,4072928,139457.5684,57,0.0208,0.4792,0.4792,0.0208,0,0,63.4453,56.7857,21.6,39.4,29.614406779661017
2008.3333,2008,5,4072928,138769.4519,39,0,0.1668,0.6667,0.1666,0,0,75.1854,68.6915,23.6,35.2,29.82479674796748
2008.4167,2008,6,4072928,138235.2214,66,0,0.0208,0.479,0.4793,0.0209,0,83.5938,81.6972,24.4,34.2,29.26101694915254
2008.5,2008,7,4072928,137880.6873,284,0,0,0.1667,0.6667,0.1667,0,86.5221,86.4956,24.6,33,28.198333333333334
2008.5833,2008,8,4072928,137729.6459,528,0,0,0.0209,0.4793,0.479,0.0208,85.978,85.5195,24.6,32.4,27.339024390243903
2008.6667,2008,9,4072928,137782.2825,1521,0,0,0,0.1666,0.6667,0.1668,84.8636,84.417,23.6,33.6,27.670762711864406
2008.75,2008,10,4072928,138020.2781,1058,0.0208,0,0,0.0208,0.4792,0.4792,70.0176,66.8125,18.2,36.6,27.91934156378601
2008.8333,2008,11,4072928,138425.3807,618,0.1666,0,0,0,0.1668,0.6667,57.1207,49.282,17.2,35.6,26.022033898305086
2008.9167,2008,12,4072928,138998.3778,230,0.4793,0.0209,0,0,0.0208,0.479,63.1481,56.1801,12.6,35.6,24.31344537815126
2009,2009,1,4243741,139757.2718,208,0.6667,0.1667,0,0,0,0.1667,64.2594,55.519,13.6,33.4,22.91
2009.0833,2009,2,4243741,140722.0263,115,0.4793,0.479,0.0208,0,0,0.0209,58.713,52.1555,14.4,36.6,24.453811659192827
2009.1667,2009,3,4243741,141894.17,95,0.1666,0.6667,0.1668,0,0,0,54.4535,49.3468,19,39.8,28.389711934156377
2009.25,2009,4,4243741,143241.7177,39,0.0208,0.4792,0.4792,0.0208,0,0,52.0403,43.8012,22.6,41.8,31.14891774891775
2009.3333,2009,5,4243741,144736.7764,40,0,0.1668,0.6667,0.1666,0,0,73.2158,67.1325,23.6,39.2,30.296747967479675
2009.4167,2009,6,4243741,146381.4068,60,0,0.0208,0.479,0.4793,0.0209,0,75.7986,72.3549,22.8,34.2,30.336036036036035
2009.5,2009,7,4243741,148223.8344,145,0,0,0.1667,0.6667,0.1667,0,89.7311,86.6958,24,32.6,27.86285714285714
2009.5833,2009,8,4243741,150318.1124,580,0,0,0.0209,0.4793,0.479,0.0208,83.0874,84.2962,23.6,33,28.471255060728744
2009.6667,2009,9,4243741,152667.2084,741,0,0,0,0.1666,0.6667,0.1668,79.5,79.5237,23.8,35.2,29.39579831932773
2009.75,2009,10,4243741,155165.6339,714,0.0208,0,0,0.0208,0.4792,0.4792,67.6804,57.2361,16.2,37.4,27.93709677419355
2009.8333,2009,11,4243741,157716.1988,539,0.1666,0,0,0,0.1668,0.6667,64.8596,56.0737,17,36,25.780508474576273
2009.9167,2009,12,4243741,160322.059,297,0.4793,0.0209,0,0,0.0208,0.479,62.7331,52.5072,13.8,32.6,23.78130081300813
2010,2010,1,4414554,163181.2919,146,0.6667,0.1667,0,0,0,0.1667,55.6603,48.4224,14,33.2,23.437551020408165
2010.0833,2010,2,4414554,166501.3173,80,0.4793,0.479,0.0208,0,0,0.0209,56.9435,49.6256,16.6,37,24.452017937219733
2010.1667,2010,3,4414554,170286.9509,52,0.1666,0.6667,0.1668,0,0,0,59.1357,53.2091,20,41.6,28.211336032388665
2010.25,2010,4,4414554,174020.6788,36,0.0208,0.4792,0.4792,0.0208,0,0,65.6652,58.9509,22.4,40.2,30.769037656903766
2010.3333,2010,5,4414554,177198.3279,28,0,0.1668,0.6667,0.1666,0,0,69.8824,64.9279,26.4,42,31.9238683127572
2010.4167,2010,6,4414554,179822.7112,16,0,0.0208,0.479,0.4793,0.0209,0,79.6251,74.0916,23.2,37.6,30.694017094017095
2010.5,2010,7,4414554,181801.4545,154,0,0,0.1667,0.6667,0.1667,0,88.0649,86.7157,24.8,33,28.527350427350427
2010.5833,2010,8,4414554,183051.9578,519,0,0,0.0209,0.4793,0.479,0.0208,88.033,87.6591,24.4,32,28.027935222672063
2010.6667,2010,9,4414554,183574.4103,860,0,0,0,0.1666,0.6667,0.1668,85.312,85.0205,24.6,35.8,28.250877192982458
2010.75,2010,10,4414554,183872.4,1067,0.0208,0,0,0.0208,0.4792,0.4792,77.099,72.023,21.2,36.2,28.57736625514403
2010.8333,2010,11,4414554,184451.8312,817,0.1666,0,0,0,0.1668,0.6667,76.4509,70.6549,19.6,34,26.794067796610168
2010.9167,2010,12,4414554,185313.9065,503,0.4793,0.0209,0,0,0.0208,0.479,68.2223,57.0599,12,31,21.42834008097166
2011,2011,1,4585367,186254.6019,159,0.6667,0.1667,0,0,0,0.1667,57.0687,48.2643,12,31.6,21.08048780487805
2011.0833,2011,2,4585367,187072.8251,53,0.4793,0.479,0.0208,0,0,0.0209,60.1153,52.7968,15.2,34.8,23.92579185520362
2011.1667,2011,3,4585367,187769.3379,35,0.1666,0.6667,0.1668,0,0,0,54.0726,46.8173,18.4,39.4,27.719665271966527
2011.25,2011,4,4585367,188440.3961,38,0.0208,0.4792,0.4792,0.0208,0,0,68.1442,58.3884,20,38,29.40672268907563
2011.3333,2011,5,4585367,189184.8344,15,0,0.1668,0.6667,0.1666,0,0,74.0365,67.3456,25.8,36.4,30.31604938271605
2011.4167,2011,6,4585367,190003.6787,34,0,0.0208,0.479,0.4793,0.0209,0,78.0666,75.6352,25.6,38,30.272727272727273
2011.5,2011,7,4585367,190845.2868,120,0,0,0.1667,0.6667,0.1667,0,86.1734,86.2271,24.8,34,28.36280991735537
2011.5833,2011,8,4585367,191660.9181,563,0,0,0.0209,0.4793,0.479,0.0208,89.8195,88.4925,24.4,31.6,27.58438818565401
2011.6667,2011,9,4585367,192451.5049,1051,0,0,0,0.1666,0.6667,0.1668,85.2446,84.5084,24.8,32.6,27.733193277310924
2011.75,2011,10,4585367,193240.1407,739,0.0208,0,0,0.0208,0.4792,0.4792,66.3606,61.9302,20.2,36.8,29.125
2011.8333,2011,11,4585367,194052.7787,406,0.1666,0,0,0,0.1668,0.6667,57.6432,48.1873,18.6,36,27.5075
2011.9167,2011,12,4585367,194890.4375,254,0.4793,0.0209,0,0,0.0208,0.479,61.2952,51.4447,13.8,34,23.429918032786887
2012,2012,1,4706296,195739.4751,82,0.6667,0.1667,0,0,0,0.1667,59.1717,53.4915,12.6,30,20.52926829268293
2012.0833,2012,2,4706296,196589.2484,32,0.4793,0.479,0.0208,0,0,0.0209,52.1876,44.3519,9.6,35.8,22.988695652173913
2012.1667,2012,3,4706296,197440.7787,11,0.1666,0.6667,0.1668,0,0,0,54.4428,45.4538,17,39,26.727868852459018
2012.25,2012,4,4706296,198295.5463,7,0.0208,0.4792,0.4792,0.0208,0,0,65.6103,58.4444,23.4,39.8,29.886440677966103
2012.3333,2012,5,4706296,199158.094,13,0,0.1668,0.6667,0.1666,0,0,73.7322,69.7548,23.3,38.8,30.322357723577237
2012.4167,2012,6,4706296,200029.4713,22,0,0.0208,0.479,0.4793,0.0209,0,76.5499,76.5685,19,35.6,30.47179487179487
2012.5,2012,7,4706296,200910.4045,69,0,0,0.1667,0.6667,0.1667,0,84.2377,84.3708,25.6,32.2,29.019354838709678
2012.5833,2012,8,4706296,201804.7498,358,0,0,0.0209,0.4793,0.479,0.0208,85.5683,84.9409,25,32,28.127935222672065
2012.6667,2012,9,4706296,202713.6049,568,0,0,0,0.1666,0.6667,0.1668,85.6033,85.0863,24.4,36,27.89623430962343
2012.75,2012,10,4706296,203625.4947,745,0.0208,0,0,0.0208,0.4792,0.4792,68.8549,64.1937,20.6,37.2,28.903643724696355
2012.8333,2012,11,4706296,204532.2053,272,0.1666,0,0,0,0.1668,0.6667,54.935,48.068600000000004,17,35.6,25.496610169491525
2012.9167,2012,12,4706296,205434.8158,111,0.4793,0.0209,0,0,0.0208,0.479,58.1555,52.9627,15.4,35.8,24.463157894736842
2013,2013,1,4891945,206346.4176,45,0.6667,0.1667,0,0,0,0.1667,54.5059,52.1095,12.6,34.6,21.67165991902834
2013.0833,2013,2,4891945,207283.352,18,0.4793,0.479,0.0208,0,0,0.0209,56.3721,50.9005,14,37,24.790950226244345
2013.1667,2013,3,4891945,208246.7893,13,0.1666,0.6667,0.1668,0,0,0,52.2331,47.3617,17.8,38.4,28.01491935483871
2013.25,2013,4,4891945,209234.4193,5,0.0208,0.4792,0.4792,0.0208,0,0,62.8812,58.1916,22.4,39,29.424166666666668
2013.3333,2013,5,4891945,210211.8275,6,0,0.1668,0.6667,0.1666,0,0,73.4364,66.0272,26.8,39,30.65691056910569
2013.4167,2013,6,4891945,211144.5506,9,0,0.0208,0.479,0.4793,0.0209,0,84.2349,82.8456,21.8,34.4,28.858227848101265
2013.5,2013,7,4891945,212030.3519,125,0,0,0.1667,0.6667,0.1667,0,88.9322,88.1275,24,31.6,27.566129032258065
2013.5833,2013,8,4891945,212951.8115,298,0,0,0.0209,0.4793,0.479,0.0208,86.5014,86.8163,24,30.6,27.28130081300813
2013.6667,2013,9,4891945,213991.6806,405,0,0,0,0.1666,0.6667,0.1668,81.958,85.0459,24,34.4,28.358293838862558
2013.75,2013,10,4891945,215147.4657,384,0.0208,0,0,0.0208,0.4792,0.4792,73.3142,75.0061,22.8,35.8,28.36935483870968
2013.8333,2013,11,4891945,216711.0738,404,0.1666,0,0,0,0.1668,0.6667,59.1327,49.3289,18.2,35.4,26.59493670886076
2013.9167,2013,12,4891945,218976.3708,145,0.4793,0.0209,0,0,0.0208,0.479,61.5371,52.2683,14.4,33,22.945967741935483
2014,2014,1,5084688,221937.9244,52,0.6667,0.1667,0,0,0,0.1667,63.2162,57.1164,12.8,32.6,22.046370967741936
2014.0833,2014,2,5084688,225072.1696,19,0.4793,0.479,0.0208,0,0,0.0209,59.0442,56.1221,13.2,33.4,23.888392857142858
2014.1667,2014,3,5084688,227856.3712,21,0.1666,0.6667,0.1668,0,0,0,55.6423,52.029,16.6,37.5,27.546370967741936
2014.25,2014,4,5084688,230283.8522,13,0.0208,0.4792,0.4792,0.0208,0,0,62.69,57.8746,21.6,40.7,30.02
2014.3333,2014,5,5084688,232489.9172,14,0,0.1668,0.6667,0.1666,0,0,70.6294,64.28,26,39.5,31.15806451612903
2014.4167,2014,6,5084688,234608.807,16,0,0.0208,0.479,0.4793,0.0209,0,74.5516,72.9809,26.6,37.3,31.15
2014.5,2014,7,5084688,236635.4402,35,0,0,0.1667,0.6667,0.1667,0,83.3213,83.6075,24.6,34.3,29.141295546558705
2014.5833,2014,8,5084688,238514.6466,127,0,0,0.0209,0.4793,0.479,0.0208,84.6667,86.6449,24.2,34.3,28.52741935483871
2014.6667,2014,9,5084688,240190.5477,266,0,0,0,0.1666,0.6667,0.1668,82.4705,82.7859,24.4,35.7,28.51338912133891
2014.75,2014,10,5084688,241659.1246,266,0.0208,0,0,0.0208,0.4792,0.4792,64.2222,60.6709,23.2,38.3,30.248790322580646
2014.8333,2014,11,5084688,242950.7668,209,0.1666,0,0,0,0.1668,0.6667,60.3027,56.6989,19,36.7,28.06
2014.9167,2014,12,5084688,244095.0143,208,0.4793,0.0209,0,0,0.0208,0.479,54.3569,49.605,14.3,33.3,23.310887096774195
2015,2015,1,5284688,245089.1229,44,0.6667,0.1667,0,0,0,0.1667,61.55,56.5972,13.6,32.3,21.863306451612903
2015.0833,2015,2,5284688,245921.5778,12,0.4792,0.4792,0.0208,0,0,0.0208,59.5834,56.6845,16.4,36.9,24.925225225225226
2015.1667,2015,3,5284688,246578.6669,6,0.1667,0.6667,0.1667,0,0,0,53.4613,52.0623,18.8,40.8,27.84008097165992
2015.25,2015,4,5284688,247060.3902,12,0.0208,0.4792,0.4792,0.0208,0,0,70.463,67.4488,23,41,29.330000000000002
2015.3333,2015,5,5284688,247371.1912,21,0,0.1667,0.6667,0.1667,0,0,71.046,65.5403,26.2,39.4,31.586008230452673
2015.4167,2015,6,5284688,247515.5138,17,0,0.0208,0.4792,0.4792,0.0208,0,80.3041,78.1562,24,36.2,29.558333333333334
2015.5,2015,7,5284688,247493.3579,120,0,0,0.1667,0.6667,0.1667,0,81.881,83.0963,24.6,32.4,29.16048387096774
2015.5833,2015,8,5284688,247307.1083,218,0,0,0.0208,0.4792,0.4792,0.0208,79.9205,83.644,25,33.2,28.777235772357724
2015.6667,2015,9,5284688,246959.1496,368,0,0,0,0.1667,0.6667,0.1667,79.6975,78.9623,23.6,36.8,28.627731092436974
2015.75,2015,10,5284688,246449.482,394,0.0208,0,0,0.0208,0.4792,0.4792,63.9177,66.7422,21.4,38.4,30.301214574898786
2015.8333,2015,11,5284688,245767.8234,188,0.1667,0,0,0,0.1667,0.6667,58.3999,56.722,18,36,27.969037656903765
2015.9167,2015,12,5284688,244903.8917,136,0.4792,0.0208,0,0,0.0208,0.4792,51.6205,49.7023,13.2,36.2,23.0625
2016,2016,1,5799965,243857.6871,26,0.6667,0.1667,0,0,0,0.1667,53.1267,53.9244,12.6,34,23.060887096774195
2016.0833,2016,2,5799965,242652.0279,7,0.4792,0.4792,0.0208,0,0,0.0208,57.7234,55.2214,16.2,37.4,24.703478260869566
2016.1667,2016,3,5799965,241309.7329,13,0.1667,0.6667,0.1667,0,0,0,57.988,53.6413,21.8,40,28.867755102040817
2016.25,2016,4,5799965,239830.802,10,0.0208,0.4792,0.4792,0.0208,0,0,61.8093,59.2363,24.6,39.2,30.540585774058577
2016.3333,2016,5,5799965,238169.3316,6,0,0.1667,0.6667,0.1667,0,0,74.2542,68.9571,27.6,40.2,31.29758064516129
2016.4167,2016,6,5799965,236279.4182,14,0,0.0208,0.4792,0.4792,0.0208,0,77.6218,73.229,25.6,36.2,30.863333333333333
2016.5,2016,7,5799965,234161.0618,54,0,0,0.1667,0.6667,0.1667,0,85.7673,85.9129,24.6,32.2,28.33225806451613
2016.5833,2016,8,5799965,231906.8642,163,0,0,0.0208,0.4792,0.4792,0.0208,85.2213,86.2032,24.8,31.6,28.01451612903226
2016.6667,2016,9,5799965,229609.4272,326,0,0,0,0.1667,0.6667,0.1667,82.4148,83.4806,24,33.2,28.123333333333335
2016.75,2016,10,5799965,227268.751,341,0.0208,0,0,0.0208,0.4792,0.4792,75.68,75.0707,20,35.2,27.598387096774193
2016.8333,2016,11,5799965,224673.4683,345,0.1667,0,0,0,0.1667,0.6667,54.168,49.1034,15.6,34.6,25.78326359832636
2016.9167,2016,12,5799965,221612.212,80,0.4792,0.0208,0,0,0.0208,0.4792,54.7546,49.6945,15.4,33.6,24.258870967741935
2017,2017,1,6159129,218084.9823,31,0.6667,0.1667,0,0,0,0.1667,57.5665,55.1898,13.4,35.4,22.798785425101215
2017.0833,2017,2,6159129,214949.7251,15,0.4792,0.4792,0.0208,0,0,0.0208,51.1056,47.7939,15,38.2,25.810714285714287
2017.1667,2017,3,6159129,213064.3863,11,0.1667,0.6667,0.1667,0,0,0,52.2715,48.2855,18,40,28.226612903225806
2017.25,2017,4,6159129,212428.966,3,0.0208,0.4792,0.4792,0.0208,0,0,61.8464,56.5257,22.4,42,29.99625
2017.3333,2017,5,6159129,212488.5415,7,0,0.1667,0.6667,0.1667,0,0,71.609,67.7684,26,40.2,31.448387096774194
2017.4167,2017,6,6159129,212688.1899,11,0,0.0208,0.4792,0.4792,0.0208,0,78.506,78.2084,24.6,36.2,30.51638655462185
2017.5,2017,7,6159129,213027.9112,38,0,0,0.1667,0.6667,0.1667,0,85.3613,85.9817,25.4,35,28.453441295546558
2017.5833,2017,8,6159129,213372.7192,154,0,0,0.0208,0.4792,0.4792,0.0208,84.208,85.8503,24.8,33,28.325714285714287
2017.6667,2017,9,6159129,213587.6278,164,0,0,0,0.1667,0.6667,0.1667,80.8435,83.6276,24.6,36,29.245
2017.75,2017,10,6159129,213672.6369,217,0.0208,0,0,0.0208,0.4792,0.4792,69.2322,68.0029,19.4,37.6,29.282258064516128
2017.8333,2017,11,6159129,213699.5104,185,0.1667,0,0,0,0.1667,0.6667,55.1022,50.3297,18.8,35.4,26.067083333333333
2017.9167,2017,12,6159129,213740.0122,47,0.4792,0.0208,0,0,0.0208,0.4792,61.1385,63.1268,16,32.6,23.31138211382114
2018,2018,1,6499723,213794.1424,10,0.6667,0.1667,0,0,0,0.1667,54.4767,54.0005,14.4,35.6,23.804032258064517
2018.0833,2018,2,6499723,213826.9237,2,0.4792,0.4792,0.0208,0,0,0.0208,48.7483,49.8424,18.2,38.2,26.10892857142857
2018.1667,2018,3,6499723,213803.3792,4,0.1667,0.6667,0.1667,0,0,0,51.9596,47.5679,21.6,40.6,29.039516129032258
2018.25,2018,4,6499723,213723.5088,4,0.0208,0.4792,0.4792,0.0208,0,0,63.7021,61.104,24,40.2,30.68487394957983
2018.3333,2018,5,6499723,213602.2862,7,0,0.1667,0.6667,0.1667,0,0,72.9925,67.1703,26.8,40.4,31.448387096774194
2018.4167,2018,6,6499723,213454.6846,7,0,0.0208,0.4792,0.4792,0.0208,0,76.4794,75.6216,24,36.6,30.819166666666668
2018.5,2018,7,6499723,213280.7043,29,0,0,0.1667,0.6667,0.1667,0,89.2203,87.1158,25,32.2,27.541129032258066
2018.5833,2018,8,6499723,213080.345,77,0,0,0.0208,0.4792,0.4792,0.0208,85.4348,85.27,24,31.8,27.869635627530364
2018.6667,2018,9,6499723,212846.7533,95,0,0,0,0.1667,0.6667,0.1667,76.5014,78.772,22.8,35.4,28.352542372881356
2018.75,2018,10,6499723,212573.0753,108,0.0208,0,0,0.0208,0.4792,0.4792,60.5618,56.4384,21,38.4,30.208163265306123
2018.8333,2018,11,6499723,212259.3112,68,0.1667,0,0,0,0.1667,0.6667,55.8188,52.3927,18.6,37,27.5175
2018.9167,2018,12,6499723,211910.4052,38,0.4792,0.0208,0,0,0.0208,0.4792,53.0931,49.0031,12.6,32.8,22.842105263157894
2019,2019,1,6379322,211531.3019,7,0.6667,0.1667,0,0,0,0.1667,52.1633,49.5465,12,34.8,21.51497975708502
2019.0833,2019,2,6379322,211122.001,1,0.4792,0.4792,0.0208,0,0,0.0208,52.9794,52.0452,13.2,36.6,23.62410714285714
2019.1667,2019,3,6379322,210679.2219,1,0.1667,0.6667,0.1667,0,0,0,50.4351,49.0389,17.4,39.4,27.5
2019.25,2019,4,6379322,210199.6837,0,0.0208,0.4792,0.4792,0.0208,0,0,59.6221,55.2191,24.2,42.6,30.930833333333332
2019.3333,2019,5,6379322,209683.3862,2,0,0.1667,0.6667,0.1667,0,0,70.4657,66.3258,26.4,40.4,30.810887096774195
2019.4167,2019,6,6379322,209132.9489,2,0,0.0208,0.4792,0.4792,0.0208,0,77.6473,75.8772,25.2,36,30.4075
2019.5,2019,7,6379322,208550.9909,20,0,0,0.1667,0.6667,0.1667,0,83.6149,85.6575,24,34.8,29.17258064516129
2019.5833,2019,8,6379322,207937.5122,35,0,0,0.0208,0.4792,0.4792,0.0208,85.6587,86.7286,24.4,32.4,27.963414634146343
2019.6667,2019,9,6379322,207289.457,60,0,0,0,0.1667,0.6667,0.1667,89.4531,87.8055,24.6,33,28.010833333333334
2019.75,2019,10,6379322,206603.7692,85,0.0208,0,0,0.0208,0.4792,0.4792,73.9477,77.3693,24,35.6,28.865991902834008
2019.8333,2019,11,6379322,205880.449,66,0.1667,0,0,0,0.1667,0.6667,72.5311,70.1682,20.6,33.6,27.287394957983192
2019.9167,2019,12,6379322,205124.4099,39,0.4792,0.0208,0,0,0.0208,0.4792,66.7641,59.6048,14.8,33.4,23.976612903225806
2020,2020,1,6468350,204340.5655,4,0.6667,0.1667,0,0,0,0.1667,64.0211,58.7583,13,32.2,21.750607287449395
2020.0833,2020,2,6468350,203528.916,0,0.4792,0.4792,0.0208,0,0,0.0208,53.5657,49.0239,14.2,36.4,25.356521739130436
2020.1667,2020,3,6468350,202679.9313,1,0.1667,0.6667,0.1667,0,0,0,59.316,54.8006,17.6,37.4,26.87085020242915
2020.25,2020,4,6468350,201784.0813,0,0.0208,0.4792,0.4792,0.0208,0,0,61.2675,55.4162,24,41,31.223333333333333
2020.3333,2020,5,6468350,200841.3663,1,0,0.1667,0.6667,0.1667,0,0,68.4424,65.4776,27.6,40.4,32.200806451612905
2020.4167,2020,6,6468350,199875.0271,0,0,0.0208,0.4792,0.4792,0.0208,0,80.7762,79.1999,24.6,35.4,29.947899159663866
2020.5,2020,7,6468350,198908.305,0,0,0,0.1667,0.6667,0.1667,0,86.7298,85.5957,24.4,33.2,29.06923076923077
2020.5833,2020,8,6468350,197941.1998,4,0,0,0.0208,0.4792,0.4792,0.0208,91.9747,88.9077,25.4,33,27.68178137651822
2020.6667,2020,9,6468350,196997.6341,6,0,0,0,0.1667,0.6667,0.1667,84.6585,84.0105,24.6,35.2,29.082127659574468
2020.75,2020,10,6468350,196101.5302,2,0.0208,0,0,0.0208,0.4792,0.4792,72.2728,65.8229,21.8,36.2,29.52753036437247
2020.8333,2020,11,6468350,195252.8882,7,0.1667,0,0,0,0.1667,0.6667,56.9943,47.9992,19.2,35.6,26.625210084033615
2020.9167,2020,12,6468350,194429.4199,2,0.4792,0.0208,0,0,0.0208,0.4792,66.0649,60.1085,13,34.4,23.600404858299594
2021,2021,1,6835972,193608.8369,1,0.6667,0.1667,0,0,0,0.1667,64.7303,60.7026,13.8,31.6,22.24475806451613
2021.0833,2021,2,6835972,192791.1393,2,0.4792,0.4792,0.0208,0,0,0.0208,53.7133,50.6118,16.2,35.4,25.517894736842106
2021.1667,2021,3,6835972,191985.2072,0,0.1667,0.6667,0.1667,0,0,0,53.3348,47.5135,20.4,39.8,29.033870967741937
2021.25,2021,4,6835972,191199.9203,0,0.0208,0.4792,0.4792,0.0208,0,0,65.5684,60.5488,24.4,40.4,30.713807531380752
2021.3333,2021,5,6835972,190435.2789,0,0,0.1667,0.6667,0.1667,0,0,71.3781,67.9107,24.2,39.2,31.174590163934425
2021.4167,2021,6,6835972,189686.9453,1,0,0.0208,0.4792,0.4792,0.0208,0,79.7384,79.928,24,35,30.014225941422595
2021.5,2021,7,6835972,188950.582,1,0,0,0.1667,0.6667,0.1667,0,82.2384,81.4765,26.4,34.6,29.252244897959184
2021.5833,2021,8,6835972,188226.1891,4,0,0,0.0208,0.4792,0.4792,0.0208,83.6047,84.4352,24.6,32.2,28.142276422764226
2021.6667,2021,9,6835972,187516.0225,7,0,0,0,0.1667,0.6667,0.1667,89.5459,86.9959,24.8,31.6,27.559166666666666
2021.75,2021,10,6835972,186822.3381,20,0.0208,0,0,0.0208,0.4792,0.4792,72.1949,70.2857,21.6,35.2,28.405668016194333
2021.8333,2021,11,6835972,186145.1359,18,0.1667,0,0,0,0.1667,0.6667,55.4976,51.4473,20,35.2,27.593333333333334
2021.9167,2021,12,6835972,185483.1745,16,0.4792,0.0208,0,0,0.0208,0.4792,70.1568,67.2522,15,30.6,22.62983870967742
2022,2022,1,6957063,184835.2125,3,0.6667,0.1667,0,0,0,0.1667,62.0799,59.1875,11.4,31.2,21.60322580645161
2022.0833,2022,2,6957063,184201.2498,0,0.4792,0.4792,0.0208,0,0,0.0208,60.6277,59.3371,14.6,36,24.03125
2022.1667,2022,3,6957063,183582.0755,0,0.1667,0.6667,0.1667,0,0,0,49.6627,44.4748,20.8,39,29.320967741935483
2022.25,2022,4,6957063,182978.4785,0,0.0208,0.4792,0.4792,0.0208,0,0,66.8146,59.9114,20,41.2,30.420833333333334
2022.3333,2022,5,6957063,182390.4589,0,0,0.1667,0.6667,0.1667,0,0,70.0042,68.1051,27.6,40,31.24959349593496
2022.4167,2022,6,6957063,181817.3262,2,0,0.0208,0.4792,0.4792,0.0208,0,77.1588,76.2914,23.6,35,30.03765690376569
2022.5,2022,7,6957063,181258.3898,2,0,0,0.1667,0.6667,0.1667,0,88.1039,87.6381,25,32.6,27.794736842105262
2022.5833,2022,8,6957063,180713.6499,4,0,0,0.0208,0.4792,0.4792,0.0208,83.5762,85.4414,25.4,33,28.27418032786885
2022.6667,2022,9,6957063,180184.0076,9,0,0,0,0.1667,0.6667,0.1667,82.3347,84.9099,24,35,28.600833333333334
2022.75,2022,10,6957063,179670.3639,19,0.0208,0,0,0.0208,0.4792,0.4792,68.4696,72.449700000000007,21.8,34.6,28.51900826446281
2022.8333,2022,11,6957063,179172.7188,17,0.1667,0,0,0,0.1667,0.6667,55.3203,49.7871,17,36.4,26.457740585774058
2022.9167,2022,12,6957063,178689.5571,11,0.4792,0.0208,0,0,0.0208,0.4792,59.6823,56.5603,14.8,33.8,24.76
2023,2023,1,6907669,178219.3631,7,0.6667,0.1667,0,0,0,0.1667,59.8336,57.3342,13,34,21.689837398373985
2023.0833,2023,2,6907669,177762.1369,1,0.4792,0.4792,0.0208,0,0,0.0208,49.3298,47.7394,17,37.6,25.977168949771688
2023.1667,2023,3,6907669,177320.6905,3,0.1667,0.6667,0.1667,0,0,0,55.5543,54.4801,20.4,38.4,28.008196721311474
2023.25,2023,4,6907669,176897.8355,3,0.0208,0.4792,0.4792,0.0208,0,0,58.2416,55.8404,22.8,39.4,30.3581589958159
2023.3333,2023,5,6907669,176493.572,0,0,0.1667,0.6667,0.1667,0,0,68.0556,65.332,25.8,40.4,31.19516129032258
2023.4167,2023,6,6907669,176102.4249,1,0,0.0208,0.4792,0.4792,0.0208,0,74.3885,75.6681,25.2,38,30.634453781512605
2023.5,2023,7,6907669,175718.919,7,0,0,0.1667,0.6667,0.1667,0,89.2167,88.0043,25,33.2,28.079032258064515
2023.5833,2023,8,6907669,175343.0545,7,0,0,0.0208,0.4792,0.4792,0.0208,79.9606,83.4655,25.6,33.2,28.67918367346939
2023.6667,2023,9,6907669,174986.2231,3,0,0,0,0.1667,0.6667,0.1667,81.6762,82.6112,24.2,35,28.98841201716738
2023.75,2023,10,6907669,174659.8163,9,0.0208,0,0,0.0208,0.4792,0.4792,66.7929,62.8796,21.6,37.6,29.70485829959514
2023.8333,2023,11,6907669,174363.8343,13,0.1667,0,0,0,0.1667,0.6667,58.848,53.187,19.8,36.4,27.435714285714287
2023.9167,2023,12,6907669,174098.277,20,0.4792,0.0208,0,0,0.0208,0.4792,65.6297,63.1303,18.8,33,24.92255319148936
